Unique_ID,Format,Mat,Inns,Balls,Runs,Wkts,BBI,BBM,Ave,Econ,SR,4w,5w,10w
/player/abu-jayed-410763,Test,12,16,1868,1054,30,4/71,6/130,35.13,3.38,62.20,3,0,0
/player/abu-jayed-410763,ODI,2,2,108,114,5,5/58,5/58,22.80,6.33,21.60,0,1,0
/player/abu-jayed-410763,T20I,3,3,66,106,4,2/27,2/27,26.50,9.63,16.50,0,0,0
/player/abu-jayed-410763,FC,92,151,13524,7897,264,6/25,9/43,29.91,3.50,51.20,12,12,0
/player/abu-jayed-410763,List A,65,64,2676,2454,79,5/58,5/58,31.06,5.50,33.80,3,1,0
/player/abu-jayed-410763,T20,77,74,1348,1820,78,4/35,4/35,23.33,8.10,17.20,1,0,0
/player/afif-hossain-935995,ODI,7,2,18,23,1,1/12,1/12,23.00,7.66,18.00,0,0,0
/player/afif-hossain-935995,T20I,31,11,114,149,7,2/9,2/9,21.28,7.84,16.20,0,0,0
/player/afif-hossain-935995,FC,23,33,1535,979,19,7/66,7/66,51.52,3.82,80.70,0,1,0
/player/afif-hossain-935995,List A,58,40,1213,1056,24,5/32,5/32,44.00,5.22,50.50,0,1,0
/player/afif-hossain-935995,T20,101,51,546,789,28,5/21,5/21,28.17,8.67,19.50,0,1,0
/player/ebadot-hossain-932355,Test,8,10,1170,732,8,3/91,3/91,91.50,3.75,146.20,0,0,0
/player/ebadot-hossain-932355,FC,34,54,5386,3009,90,6/51,10/139,33.43,3.35,59.80,3,2,1
/player/ebadot-hossain-932355,List A,11,11,490,466,10,2/26,2/26,46.60,5.70,49.00,0,0,0
/player/ebadot-hossain-932355,T20,38,38,807,1056,36,4/17,4/17,29.33,7.85,22.40,1,0,0
/player/hasan-mahmud-926629,ODI,3,3,116,131,5,3/28,3/28,26.20,6.77,23.20,0,0,0
/player/hasan-mahmud-926629,T20I,1,1,24,25,0,-,-,-,6.25,-,0,0,0
/player/hasan-mahmud-926629,FC,14,24,2336,1255,37,4/35,5/89,33.91,3.22,63.10,2,0,0
/player/hasan-mahmud-926629,List A,19,19,945,822,25,3/24,3/24,32.88,5.21,37.80,0,0,0
/player/hasan-mahmud-926629,T20,23,23,469,640,21,4/32,4/32,30.47,8.18,22.30,1,0,0
/player/liton-das-536936,Test,25,-,-,-,-,-,-,-,-,-,-,-,-
/player/liton-das-536936,ODI,47,-,-,-,-,-,-,-,-,-,-,-,-
/player/liton-das-536936,T20I,41,-,-,-,-,-,-,-,-,-,-,-,-
/player/liton-das-536936,FC,72,-,-,-,-,-,-,-,-,-,-,-,-
/player/liton-das-536936,List A,124,-,-,-,-,-,-,-,-,-,-,-,-
/player/liton-das-536936,T20,127,-,-,-,-,-,-,-,-,-,-,-,-
/player/mahedi-hasan-833087,ODI,3,3,138,105,2,2/42,2/42,52.50,4.56,69.00,0,0,0
/player/mahedi-hasan-833087,T20I,21,21,420,469,20,3/19,3/19,23.45,6.70,21.00,0,0,0
/player/mahedi-hasan-833087,FC,41,53,4925,2547,84,5/46,9/138,30.32,3.10,58.60,4,3,0
/player/mahedi-hasan-833087,List A,73,73,3510,2250,67,4/16,4/16,33.58,3.84,52.30,1,0,0
/player/mahedi-hasan-833087,T20,86,83,1641,1904,78,4/22,4/22,24.41,6.96,21.00,2,0,0
/player/mahmudullah-56025,Test,50,66,3423,1958,43,5/51,8/110,45.53,3.43,79.60,0,1,0
/player/mahmudullah-56025,ODI,200,139,4205,3618,78,3/4,3/4,46.38,5.16,53.90,0,0,0
/player/mahmudullah-56025,T20I,105,64,789,945,33,3/18,3/18,28.63,7.18,23.90,0,0,0
/player/mahmudullah-56025,FC,114,,9111,5026,143,7/94,,35.14,3.30,63.70,4,3,1
/player/mahmudullah-56025,List A,287,,7449,5987,161,5/66,5/66,37.18,4.82,46.20,1,1,0
/player/mahmudullah-56025,T20,259,181,2616,3055,123,3/6,3/6,24.83,7.00,21.20,0,0,0
/player/mehidy-hasan-miraz-629063,Test,27,46,6924,3735,113,7/58,12/117,33.05,3.23,61.20,4,8,2
/player/mehidy-hasan-miraz-629063,ODI,52,51,2599,1922,55,4/25,4/25,34.94,4.43,47.20,3,0,0
/player/mehidy-hasan-miraz-629063,T20I,13,13,216,330,4,2/31,2/31,82.50,9.16,54.00,0,0,0
/player/mehidy-hasan-miraz-629063,FC,46,76,11399,5602,193,7/24,12/117,29.02,2.94,59.00,7,15,4
/player/mehidy-hasan-miraz-629063,List A,101,100,4680,3493,111,4/25,4/25,31.46,4.47,42.10,3,0,0
/player/mehidy-hasan-miraz-629063,T20,86,82,1526,1872,55,2/6,2/6,34.03,7.36,27.70,0,0,0
/player/mohammad-mithun-269237,Test,10,-,-,-,-,-,-,-,-,-,-,-,-
/player/mohammad-mithun-269237,ODI,34,1,12,12,0,-,-,-,6.00,-,0,0,0
/player/mohammad-mithun-269237,T20I,17,-,-,-,-,-,-,-,-,-,-,-,-
/player/mohammad-mithun-269237,FC,104,9,187,118,4,2/34,2/34,29.50,3.78,46.70,0,0,0
/player/mohammad-mithun-269237,List A,157,1,12,12,0,-,-,-,6.00,-,0,0,0
/player/mohammad-mithun-269237,T20,153,1,6,5,1,1/5,1/5,5.00,5.00,6.00,0,0,0
/player/mohammad-naim-990081,ODI,2,-,-,-,-,-,-,-,-,-,-,-,-
/player/mohammad-naim-990081,T20I,24,-,-,-,-,-,-,-,-,-,-,-,-
/player/mohammad-naim-990081,FC,6,-,-,-,-,-,-,-,-,-,-,-,-
/player/mohammad-naim-990081,List A,43,-,-,-,-,-,-,-,-,-,-,-,-
/player/mohammad-naim-990081,T20,69,-,-,-,-,-,-,-,-,-,-,-,-
/player/mohammad-saifuddin-629070,ODI,29,28,1283,1279,41,4/41,4/41,31.19,5.98,31.20,1,0,0
/player/mohammad-saifuddin-629070,T20I,28,28,582,788,30,4/33,4/33,26.26,8.12,19.40,1,0,0
/player/mohammad-saifuddin-629070,FC,34,52,4001,2259,60,5/41,7/121,37.65,3.38,66.60,2,1,0
/player/mohammad-saifuddin-629070,List A,81,79,3803,3373,123,5/9,5/9,27.42,5.32,30.90,1,2,0
/player/mohammad-saifuddin-629070,T20,87,86,1817,2343,114,4/18,4/18,20.55,7.73,15.90,5,0,0
/player/mominul-haque-373696,Test,45,29,631,397,4,3/27,3/42,99.25,3.77,157.70,0,0,0
/player/mominul-haque-373696,ODI,28,12,234,190,7,2/13,2/13,27.14,4.87,33.40,0,0,0
/player/mominul-haque-373696,T20I,6,2,18,32,0,-,-,-,10.66,-,0,0,0
/player/mominul-haque-373696,FC,114,78,2050,1268,16,3/27,3/42,79.25,3.71,128.10,0,0,0
/player/mominul-haque-373696,List A,140,69,1735,1387,39,3/29,3/29,35.56,4.79,44.40,0,0,0
/player/mominul-haque-373696,T20,118,21,264,336,12,2/14,2/14,28.00,7.63,22.00,0,0,0
/player/mosaddek-hossain-550133,Test,3,5,90,49,0,-,-,-,3.26,-,0,0,0
/player/mosaddek-hossain-550133,ODI,40,38,954,842,14,3/13,3/13,60.14,5.29,68.10,0,0,0
/player/mosaddek-hossain-550133,T20I,16,12,130,160,5,2/21,2/21,32.00,7.38,26.00,0,0,0
/player/mosaddek-hossain-550133,FC,39,52,2615,1478,29,4/33,7/98,50.96,3.39,90.10,1,0,0
/player/mosaddek-hossain-550133,List A,117,93,2652,2166,52,5/43,5/43,41.65,4.90,51.00,0,1,0
/player/mosaddek-hossain-550133,T20,102,67,843,982,35,2/9,2/9,28.05,6.98,24.00,0,0,0
/player/mushfiqur-rahim-56029,Test,75,-,-,-,-,-,-,-,-,-,-,-,-
/player/mushfiqur-rahim-56029,ODI,227,-,-,-,-,-,-,-,-,-,-,-,-
/player/mushfiqur-rahim-56029,T20I,94,-,-,-,-,-,-,-,-,-,-,-,-
/player/mushfiqur-rahim-56029,FC,120,,90,51,1,1/23,1/23,51.00,3.40,90.00,0,0,0
/player/mushfiqur-rahim-56029,List A,308,,0,0,0,-,-,-,-,-,0,0,0
/player/mushfiqur-rahim-56029,T20,223,-,-,-,-,-,-,-,-,-,-,-,-
/player/mustafizur-rahman-330902,Test,14,23,2013,1102,30,4/37,5/66,36.73,3.28,67.10,2,0,0
/player/mustafizur-rahman-330902,ODI,68,67,3347,2900,127,6/43,6/43,22.83,5.19,26.30,3,5,0
/player/mustafizur-rahman-330902,T20I,55,55,1209,1520,82,5/22,5/22,18.53,7.54,14.70,3,1,0
/player/mustafizur-rahman-330902,FC,35,61,5027,2428,91,5/28,6/33,26.68,2.89,55.20,8,1,0
/player/mustafizur-rahman-330902,List A,75,74,3693,3106,144,6/43,6/43,21.56,5.04,25.60,3,6,0
/player/mustafizur-rahman-330902,T20,163,162,3582,4335,217,5/22,5/22,19.97,7.26,16.50,5,2,0
/player/najmul-hossain-shanto-629058,Test,9,1,4,13,0,-,-,-,19.50,-,0,0,0
/player/najmul-hossain-shanto-629058,ODI,8,1,6,4,0,-,-,-,4.00,-,0,0,0
/player/najmul-hossain-shanto-629058,T20I,3,-,-,-,-,-,-,-,-,-,-,-,-
/player/najmul-hossain-shanto-629058,FC,50,18,400,245,4,2/44,2/45,61.25,3.67,100.00,0,0,0
/player/najmul-hossain-shanto-629058,List A,106,20,341,299,8,2/39,2/39,37.37,5.26,42.60,0,0,0
/player/najmul-hossain-shanto-629058,T20,78,8,80,105,2,2/9,2/9,52.50,7.87,40.00,0,0,0
/player/nasum-ahmed-348049,T20I,14,14,270,280,18,4/10,4/10,15.55,6.22,15.00,2,0,0
/player/nasum-ahmed-348049,FC,20,39,4499,2405,75,7/97,10/160,32.06,3.20,59.90,6,2,1
/player/nasum-ahmed-348049,List A,37,37,1764,1308,45,5/49,5/49,29.06,4.44,39.20,1,1,0
/player/nasum-ahmed-348049,T20,57,56,1087,1152,46,4/10,4/10,25.04,6.35,23.60,2,0,0
/player/nayeem-hasan-932635,Test,7,12,1322,656,25,5/61,9/152,26.24,2.97,52.80,1,2,0
/player/nayeem-hasan-932635,FC,29,50,7037,3461,123,8/47,13/208,28.13,2.95,57.20,7,8,3
/player/nayeem-hasan-932635,List A,41,41,1960,1455,52,4/53,4/53,27.98,4.45,37.60,1,0,0
/player/nayeem-hasan-932635,T20,44,41,752,907,30,3/21,3/21,30.23,7.23,25.00,0,0,0
/player/nurul-hasan-410765,Test,3,-,-,-,-,-,-,-,-,-,-,-,-
/player/nurul-hasan-410765,ODI,3,-,-,-,-,-,-,-,-,-,-,-,-
/player/nurul-hasan-410765,T20I,25,-,-,-,-,-,-,-,-,-,-,-,-
/player/nurul-hasan-410765,FC,89,5,36,36,1,1/3,1/3,36.00,6.00,36.00,0,0,0
/player/nurul-hasan-410765,List A,96,-,-,-,-,-,-,-,-,-,-,-,-
/player/nurul-hasan-410765,T20,130,-,-,-,-,-,-,-,-,-,-,-,-
/player/rubel-hossain-300619,Test,27,44,4223,2764,36,5/166,5/210,76.77,3.92,117.30,0,1,0
/player/rubel-hossain-300619,ODI,104,102,4678,4427,129,6/26,6/26,34.31,5.67,36.20,7,1,0
/player/rubel-hossain-300619,T20I,28,27,579,912,28,3/31,3/31,32.57,9.45,20.60,0,0,0
/player/rubel-hossain-300619,FC,60,100,8141,5241,97,7/51,7/86,54.03,3.86,83.90,0,4,0
/player/rubel-hossain-300619,List A,175,172,8131,7172,245,6/18,6/18,29.27,5.29,33.10,10,5,0
/player/rubel-hossain-300619,T20,133,132,2788,3706,165,5/32,5/32,22.46,7.97,16.80,4,1,0
/player/saif-hassan-821749,Test,5,2,36,27,1,1/22,1/22,27.00,4.50,36.00,0,0,0
/player/saif-hassan-821749,FC,48,32,1000,422,14,3/15,3/15,30.14,2.53,71.40,0,0,0
/player/saif-hassan-821749,List A,72,24,852,654,21,3/31,3/31,31.14,4.60,40.50,0,0,0
/player/saif-hassan-821749,T20,28,4,36,46,3,1/8,1/8,15.33,7.66,12.00,0,0,0
/player/shadman-islam-629057,Test,8,-,-,-,-,-,-,-,-,-,-,-,-
/player/shadman-islam-629057,FC,57,12,110,87,0,-,-,-,4.74,-,0,0,0
/player/shadman-islam-629057,List A,59,-,-,-,-,-,-,-,-,-,-,-,-
/player/shadman-islam-629057,T20,11,-,-,-,-,-,-,-,-,-,-,-,-
/player/shakib-al-hasan-56143,Test,58,98,13415,6679,215,7/36,10/124,31.06,2.98,62.30,9,18,2
/player/shakib-al-hasan-56143,ODI,215,212,11003,8155,277,5/29,5/29,29.44,4.44,39.70,9,3,0
/player/shakib-al-hasan-56143,T20I,91,90,2025,2247,115,5/20,5/20,19.53,6.65,17.60,5,1,0
/player/shakib-al-hasan-56143,FC,94,,19565,9454,315,7/32,,30.01,2.89,62.10,11,23,2
/player/shakib-al-hasan-56143,List A,260,256,12931,9513,338,5/18,5/18,28.14,4.41,38.20,14,4,0
/player/shakib-al-hasan-56143,T20,348,342,7356,8369,396,6/6,6/6,21.13,6.82,18.50,10,4,0
/player/shamim-hossain-1161044,T20I,7,2,12,11,0,-,-,-,5.50,-,0,0,0
/player/shamim-hossain-1161044,FC,1,1,6,2,0,-,-,-,2.00,-,0,0,0
/player/shamim-hossain-1161044,List A,19,18,684,469,11,2/28,2/28,42.63,4.11,62.10,0,0,0
/player/shamim-hossain-1161044,T20,37,14,164,179,8,2/17,2/17,22.37,6.54,20.50,0,0,0
/player/shoriful-islam-990039,Test,1,2,180,99,1,1/91,1/99,99.00,3.30,180.00,0,0,0
/player/shoriful-islam-990039,ODI,4,4,180,160,7,4/46,4/46,22.85,5.33,25.70,1,0,0
/player/shoriful-islam-990039,T20I,11,11,222,295,17,3/33,3/33,17.35,7.97,13.00,0,0,0
/player/shoriful-islam-990039,FC,9,13,1176,594,23,4/33,7/54,25.82,3.03,51.10,1,0,0
/player/shoriful-islam-990039,List A,31,31,1515,1371,54,4/46,4/46,25.38,5.42,28.00,3,0,0
/player/shoriful-islam-990039,T20,49,48,983,1368,62,3/23,3/23,22.06,8.34,15.80,0,0,0
/player/soumya-sarkar-436677,Test,16,12,508,336,4,2/68,2/68,84.00,3.96,127.00,0,0,0
/player/soumya-sarkar-436677,ODI,61,18,400,389,11,3/56,3/56,35.36,5.83,36.30,0,0,0
/player/soumya-sarkar-436677,T20I,63,20,222,354,9,2/19,2/19,39.33,9.56,24.60,0,0,0
/player/soumya-sarkar-436677,FC,71,78,2806,1586,35,5/34,5/47,45.31,3.39,80.10,0,2,0
/player/soumya-sarkar-436677,List A,145,84,2338,2119,59,4/34,4/34,35.91,5.43,39.60,1,0,0
/player/soumya-sarkar-436677,T20,168,64,829,1273,34,2/12,2/12,37.44,9.21,24.30,0,0,0
/player/taijul-islam-401057,Test,33,57,8535,4419,134,8/39,11/170,32.97,3.10,63.60,7,8,1
/player/taijul-islam-401057,ODI,9,9,510,337,12,4/11,4/11,28.08,3.96,42.50,1,0,0
/player/taijul-islam-401057,T20I,2,2,42,58,1,1/26,1/26,58.00,8.28,42.00,0,0,0
/player/taijul-islam-401057,FC,80,140,19098,9933,335,8/39,12/122,29.65,3.12,57.00,19,23,5
/player/taijul-islam-401057,List A,100,100,5092,3921,135,6/19,6/19,29.04,4.62,37.70,3,2,0
/player/taijul-islam-401057,T20,88,85,1535,1874,75,3/10,3/10,24.98,7.32,20.40,0,0,0
/player/tamim-iqbal-56194,Test,64,5,30,20,0,-,-,-,4.00,-,0,0,0
/player/tamim-iqbal-56194,ODI,219,2,6,13,0,-,-,-,13.00,-,0,0,0
/player/tamim-iqbal-56194,T20I,78,-,-,-,-,-,-,-,-,-,-,-,-
/player/tamim-iqbal-56194,FC,96,,252,193,0,-,-,-,4.59,-,0,0,0
/player/tamim-iqbal-56194,List A,266,,12,19,0,-,-,-,9.50,-,0,0,0
/player/tamim-iqbal-56194,T20,229,2,13,18,0,-,-,-,8.30,-,0,0,0
/player/taskin-ahmed-538506,Test,8,15,1628,1075,20,4/82,5/128,53.75,3.96,81.40,2,0,0
/player/taskin-ahmed-538506,ODI,42,41,1913,1818,55,5/28,5/28,33.05,5.70,34.70,3,1,0
/player/taskin-ahmed-538506,T20I,27,25,493,672,18,2/12,2/12,37.33,8.17,27.30,0,0,0
/player/taskin-ahmed-538506,FC,30,56,4953,2967,91,5/54,7/108,32.60,3.59,54.40,6,2,0
/player/taskin-ahmed-538506,List A,89,88,3926,3599,129,5/28,5/28,27.89,5.50,30.40,6,1,0
/player/taskin-ahmed-538506,T20,97,93,1895,2650,109,5/31,5/31,24.31,8.39,17.30,4,1,0
/player/abdul-halim-804055,FC,13,20,1458,749,23,5/27,5/27,32.56,3.08,63.30,1,1,0
/player/abdul-halim-804055,List A,13,13,387,344,8,4/10,4/10,43.00,5.33,48.30,1,0,0
/player/abdul-halim-804055,T20,2,2,30,50,2,2/20,2/20,25.00,10.00,15.00,0,0,0
/player/abdur-razzak-56283,Test,13,20,3015,1673,28,4/63,5/123,59.75,3.32,107.60,1,0,0
/player/abdur-razzak-56283,ODI,153,152,7965,6065,207,5/29,5/29,29.29,4.56,38.40,5,4,0
/player/abdur-razzak-56283,T20I,34,33,730,838,44,4/16,4/16,19.04,6.88,16.50,1,0,0
/player/abdur-razzak-56283,FC,137,,37205,18083,634,9/84,,28.52,2.91,58.60,25,41,11
/player/abdur-razzak-56283,List A,280,,14564,10706,412,7/17,7/17,25.98,4.41,35.30,11,9,0
/player/abdur-razzak-56283,T20,90,86,1826,2100,99,4/16,4/16,21.21,6.90,18.40,3,0,0
/player/abu-hider-550137,ODI,2,2,108,89,3,2/50,2/50,29.66,4.94,36.00,0,0,0
/player/abu-hider-550137,T20I,13,12,216,330,6,2/40,2/40,55.00,9.16,36.00,0,0,0
/player/abu-hider-550137,FC,37,62,4932,3086,93,6/86,8/145,33.18,3.75,53.00,6,2,0
/player/abu-hider-550137,List A,74,74,3355,2767,116,6/35,6/35,23.85,4.94,28.90,5,2,0
/player/abu-hider-550137,T20,75,72,1337,1882,59,4/19,4/19,31.89,8.44,22.60,2,0,0
/player/abu-sayeem-629067,FC,14,-,-,-,-,-,-,-,-,-,-,-,-
/player/abu-sayeem-629067,List A,27,-,-,-,-,-,-,-,-,-,-,-,-
/player/abul-bashar-56270,FC,42,2102,1030,36,6/62,6/69,28.61,2.94,58.30,0,2,0
/player/abul-bashar-56270,List A,47,1525,1224,23,5/46,5/46,53.21,4.81,66.30,1,1,0
/player/abul-hasan-373439,Test,3,5,528,371,3,2/80,2/101,123.66,4.21,176.00,0,0,0
/player/abul-hasan-373439,ODI,7,7,216,244,0,-,-,-,6.77,-,0,0,0
/player/abul-hasan-373439,T20I,5,5,84,148,4,2/33,2/33,37.00,10.57,21.00,0,0,0
/player/abul-hasan-373439,FC,35,56,4417,2443,73,5/68,8/122,33.46,3.31,60.50,2,1,0
/player/abul-hasan-373439,List A,78,73,2890,2443,69,5/32,5/32,35.40,5.07,41.80,0,1,0
/player/abul-hasan-373439,T20,51,50,910,1411,51,5/28,5/28,27.66,9.30,17.80,0,1,0
/player/aftab-ahmed-56266,Test,16,9,344,237,5,2/31,2/31,47.40,4.13,68.80,0,0,0
/player/aftab-ahmed-56266,ODI,85,30,739,656,12,5/31,5/31,54.66,5.32,61.50,0,1,0
/player/aftab-ahmed-56266,T20I,11,1,2,8,0,-,-,-,24.00,-,0,0,0
/player/aftab-ahmed-56266,FC,61,,2508,1159,38,7/39,,30.50,2.77,66.00,2,1,0
/player/aftab-ahmed-56266,List A,125,,1398,1126,21,5/31,5/31,53.61,4.83,66.50,0,1,0
/player/aftab-ahmed-56266,T20,28,2,8,24,0,-,-,-,18.00,-,0,0,0
/player/ahmed-kamal-56238,ODI,1,1,30,39,1,1/39,1/39,39.00,7.80,30.00,0,0,0
/player/ahmed-kamal-56238,FC,10,,1509,571,16,4/40,,35.68,2.27,94.30,,0,0
/player/ahmed-kamal-56238,List A,10,,365,291,10,4/31,4/31,29.10,4.78,36.50,1,0,0
/player/ahsanullah-hasan-56262,FC,35,6956,3168,128,8/76,,24.75,2.73,54.30,,7,0
/player/ahsanullah-hasan-56262,List A,27,1243,679,33,4/36,4/36,20.57,3.27,37.60,1,0,0
/player/akbar-ali-990147,FC,2,-,-,-,-,-,-,-,-,-,-,-,-
/player/akbar-ali-990147,List A,18,-,-,-,-,-,-,-,-,-,-,-,-
/player/akbar-ali-990147,T20,29,-,-,-,-,-,-,-,-,-,-,-,-
/player/akram-khan-56221,Test,8,-,-,-,-,-,-,-,-,-,-,-,-
/player/akram-khan-56221,ODI,44,6,117,138,0,-,-,-,7.07,-,0,0,0
/player/akram-khan-56221,FC,43,,51,23,1,1/7,,23.00,2.70,51.00,,0,0
/player/akram-khan-56221,List A,94,,202,228,0,-,-,-,6.77,-,0,0,0
/player/al-sahariar-56219,Test,15,-,-,-,-,-,-,-,-,-,-,-,-
/player/al-sahariar-56219,ODI,29,-,-,-,-,-,-,-,-,-,-,-,-
/player/al-sahariar-56219,FC,68,,416,272,3,1/46,,90.66,3.92,138.60,,0,0
/player/al-sahariar-56219,List A,96,,96,102,4,2/20,2/20,25.50,6.37,24.00,0,0,0
/player/al-amin-549947,FC,52,48,1696,1006,22,5/49,6/81,45.72,3.55,77.00,0,1,0
/player/al-amin-549947,List A,90,70,2375,1814,53,5/25,5/25,34.22,4.58,44.80,0,2,0
/player/al-amin-549947,T20,51,20,193,256,9,2/22,2/22,28.44,7.95,21.40,0,0,0
/player/al-amin-hossain-511532,Test,7,10,1016,545,9,3/80,3/85,60.55,3.21,112.80,0,0,0
/player/al-amin-hossain-511532,ODI,15,15,663,608,22,4/51,4/51,27.63,5.50,30.10,2,0,0
/player/al-amin-hossain-511532,T20I,31,29,614,730,43,3/20,3/20,16.97,7.13,14.20,0,0,0
/player/al-amin-hossain-511532,FC,58,102,8699,4415,160,7/36,12/89,27.59,3.04,54.30,7,5,1
/player/al-amin-hossain-511532,List A,98,98,4662,3873,152,6/16,6/16,25.48,4.98,30.60,6,4,0
/player/al-amin-hossain-511532,T20,112,110,2261,3046,123,5/17,5/17,24.76,8.08,18.30,0,2,0
/player/alamgir-kabir-56249,Test,3,4,261,221,0,-,-,-,5.08,-,0,0,0
/player/alamgir-kabir-56249,FC,54,,8632,4681,182,7/76,,25.71,3.25,47.40,,7,0
/player/alamgir-kabir-56249,List A,25,,1230,920,40,6/29,6/29,23.00,4.48,30.70,0,2,0
/player/alauddin-babu-410768,FC,29,51,3932,2234,75,6/56,6/84,29.78,3.40,52.40,5,1,0
/player/alauddin-babu-410768,List A,62,58,2400,2141,67,4/27,4/27,31.95,5.35,35.80,1,0,0
/player/alauddin-babu-410768,T20,53,41,698,1009,35,4/21,4/21,28.82,8.67,19.90,2,0,0
/player/ali-arman-56267,FC,34,5201,2328,54,5/25,,43.11,2.68,96.30,2,1,0
/player/ali-arman-56267,List A,24,1182,848,20,4/35,4/35,42.40,4.30,59.10,1,0,0
/player/alok-kapali-56251,Test,17,19,1103,709,6,3/3,3/33,118.16,3.85,183.80,0,0,0
/player/alok-kapali-56251,ODI,69,49,1452,1255,24,3/49,3/49,52.29,5.18,60.50,0,0,0
/player/alok-kapali-56251,T20I,7,2,30,35,2,2/12,2/12,17.50,7.00,15.00,0,0,0
/player/alok-kapali-56251,FC,169,,14116,7033,216,7/33,,32.56,2.98,65.30,,7,1
/player/alok-kapali-56251,List A,221,,5858,4572,140,5/44,5/44,32.65,4.68,41.80,2,1,0
/player/alok-kapali-56251,T20,108,67,971,1229,51,4/22,4/22,24.09,7.59,19.00,1,0,0
/player/alvi-haque-989939,FC,2,-,-,-,-,-,-,-,-,-,-,-,-
/player/aminul-islam-926597,T20I,7,7,138,176,10,3/34,3/34,17.60,7.65,13.80,0,0,0
/player/aminul-islam-926597,FC,2,4,198,171,2,1/37,1/55,85.50,5.18,99.00,0,0,0
/player/aminul-islam-926597,List A,22,10,258,228,4,2/45,2/45,57.00,5.30,64.50,0,0,0
/player/aminul-islam-926597,T20,25,23,414,532,22,3/34,3/34,24.18,7.71,18.80,0,0,0
/player/aminul-islam-56224,Test,13,5,198,149,1,1/66,1/66,149.00,4.51,198.00,0,0,0
/player/aminul-islam-56224,ODI,39,19,412,411,7,3/57,3/57,58.71,5.98,58.80,0,0,0
/player/aminul-islam-56224,FC,40,,725,484,8,3/14,,60.50,4.00,90.60,,0,0
/player/aminul-islam-56224,List A,75,,886,778,16,3/57,3/57,48.62,5.26,55.30,0,0,0
/player/aminul-islam-56225,ODI,1,1,30,33,1,1/33,1/33,33.00,6.60,30.00,0,0,0
/player/aminul-islam-56225,FC,25,,3858,1576,71,6/57,,22.19,2.45,54.30,,3,0
/player/aminul-islam-56225,List A,31,,1538,963,51,5/31,5/31,18.88,3.75,30.10,2,1,0
/player/amit-majumder-332412,FC,33,2,18,20,0,-,-,-,6.66,-,0,0,0
/player/amit-majumder-332412,List A,76,-,-,-,-,-,-,-,-,-,-,-,-
/player/amit-majumder-332412,T20,4,-,-,-,-,-,-,-,-,-,-,-,-
/player/amite-hasan-1139516,FC,5,-,-,-,-,-,-,-,-,-,-,-,-
/player/amite-hasan-1139516,List A,7,-,-,-,-,-,-,-,-,-,-,-,-
/player/amite-hasan-1139516,T20,2,-,-,-,-,-,-,-,-,-,-,-,-
/player/anamul-haque-380354,Test,4,-,-,-,-,-,-,-,-,-,-,-,-
/player/anamul-haque-380354,ODI,38,-,-,-,-,-,-,-,-,-,-,-,-
/player/anamul-haque-380354,T20I,13,-,-,-,-,-,-,-,-,-,-,-,-
/player/anamul-haque-380354,FC,96,9,90,83,2,1/14,1/14,41.50,5.53,45.00,0,0,0
/player/anamul-haque-380354,List A,148,-,-,-,-,-,-,-,-,-,-,-,-
/player/anamul-haque-380354,T20,135,-,-,-,-,-,-,-,-,-,-,-,-
/player/anisur-rahman-56222,ODI,2,2,48,68,0,-,-,-,8.50,-,0,0,0
/player/anisur-rahman-56222,FC,35,,4105,1970,66,6/38,,29.84,2.87,62.10,,1,0
/player/anisur-rahman-56222,List A,47,,2046,1455,57,5/42,5/42,25.52,4.26,35.80,2,1,0
/player/anwar-hossain-monir-56235,Test,3,3,348,307,0,-,-,-,5.29,-,0,0,0
/player/anwar-hossain-monir-56235,ODI,1,1,48,45,0,-,-,-,5.62,-,0,0,0
/player/anwar-hossain-monir-56235,FC,30,,4445,2386,76,7/81,,31.39,3.22,58.40,,2,0
/player/anwar-hossain-monir-56235,List A,20,,876,657,24,4/40,4/40,27.37,4.50,36.50,1,0,0
/player/anwar-hossain-56255,Test,1,-,-,-,-,-,-,-,-,-,-,-,-
/player/anwar-hossain-56255,ODI,1,-,-,-,-,-,-,-,-,-,-,-,-
/player/anwar-hossain-56255,FC,71,,195,133,1,1/13,,133.00,4.09,195.00,,0,0
/player/anwar-hossain-56255,List A,22,,30,37,1,1/37,1/37,37.00,7.40,30.00,0,0,0
/player/arafat-sunny-56268,ODI,16,16,830,600,24,4/27,4/27,25.00,4.33,34.50,2,0,0
/player/arafat-sunny-56268,T20I,10,10,186,230,12,2/17,2/17,19.16,7.41,15.50,0,0,0
/player/arafat-sunny-56268,FC,85,,18028,7804,317,7/49,,24.61,2.59,56.80,10,20,1
/player/arafat-sunny-56268,List A,133,,6631,4614,195,6/56,6/56,23.66,4.17,34.00,8,4,0
/player/arafat-sunny-56268,T20,127,125,2399,2771,122,5/42,5/42,22.71,6.93,19.60,1,1,0
/player/ariful-haque-270135,Test,2,3,66,24,1,1/10,1/17,24.00,2.18,66.00,0,0,0
/player/ariful-haque-270135,ODI,1,1,18,17,0,-,-,-,5.66,-,0,0,0
/player/ariful-haque-270135,T20I,9,1,6,13,1,1/13,1/13,13.00,13.00,6.00,0,0,0
/player/ariful-haque-270135,FC,89,127,7497,4183,122,6/41,9/61,34.28,3.34,61.40,8,2,0
/player/ariful-haque-270135,List A,107,75,2177,2127,68,5/38,5/38,31.27,5.86,32.00,2,1,0
/player/ariful-haque-270135,T20,100,16,190,302,10,3/38,3/38,30.20,9.53,19.00,0,0,0
/player/ariful-islam-933195,List A,7,7,309,253,5,3/24,3/24,50.60,4.91,61.80,0,0,0
/player/arman-badshah-429467,List A,1,1,48,61,1,1/61,1/61,61.00,7.62,48.00,0,0,0
/player/arman-hossain-56231,FC,16,1,6,3,0,-,-,-,3.00,-,0,0,0
/player/arman-hossain-56231,List A,14,-,-,-,-,-,-,-,-,-,-,-,-
/player/arman-hossain-56231,T20,1,-,-,-,-,-,-,-,-,-,-,-,-
/player/ashiqul-islam-332413,FC,2,-,-,-,-,-,-,-,-,-,-,-,-
/player/ashraful-aziz-300614,FC,8,4,96,94,2,2/67,2/78,47.00,5.87,48.00,0,0,0
/player/ashraful-aziz-300614,List A,3,-,-,-,-,-,-,-,-,-,-,-,-
/player/ashraful-hossain-287495,FC,3,-,-,-,-,-,-,-,-,-,-,-,-
/player/ashraful-hossain-287495,List A,10,1,60,23,2,2/23,2/23,11.50,2.29,30.00,0,0,0
/player/asif-ahmed-400585,FC,58,65,2457,1307,34,4/29,4/29,38.44,3.19,72.20,1,0,0
/player/asif-ahmed-400585,List A,83,59,2254,1738,57,5/24,5/24,30.49,4.62,39.50,0,1,0
/player/asif-ahmed-400585,T20,20,16,205,263,7,2/17,2/17,37.57,7.69,29.20,0,0,0
/player/aslam-hossain-550138,List A,1,-,-,-,-,-,-,-,-,-,-,-,-
/player/aslam-hossain-550138,T20,3,-,-,-,-,-,-,-,-,-,-,-,-
/player/aslam-khan-237504,FC,6,11,969,493,17,3/42,5/108,29.00,3.05,57.00,0,0,0
/player/aslam-khan-237504,List A,9,9,396,313,6,2/32,2/32,52.16,4.74,66.00,0,0,0
/player/athar-ali-khan-56227,ODI,19,15,420,365,6,2/33,2/33,60.83,5.21,70.00,0,0,0
/player/athar-ali-khan-56227,FC,3,,258,109,1,1/38,,109.00,2.53,258.00,,0,0
/player/athar-ali-khan-56227,List A,29,,660,541,9,2/33,2/33,60.11,4.91,73.30,0,0,0
/player/avishek-das-1161046,List A,1,1,54,44,3,3/44,3/44,14.66,4.88,18.00,0,0,0
/player/ayasha-rahman-301595,WODI,12,-,-,-,-,-,-,-,-,-,-,-,-
/player/ayasha-rahman-301595,WT20I,53,-,-,-,-,-,-,-,-,-,-,-,-
/player/azhar-hossain-56229,ODI,7,7,263,209,4,1/20,1/20,52.25,4.76,65.70,0,0,0
/player/azhar-hossain-56229,List A,7,,263,209,4,1/20,1/20,52.25,4.76,65.70,0,0,0
/player/puja-chakraborty-1208916,WT20I,1,1,12,1,1,1/1,1/1,1.00,0.50,12.00,0,0,0
/player/dewan-sabbir-549949,FC,16,23,1778,997,32,5/58,5/77,31.15,3.36,55.50,2,1,0
/player/dewan-sabbir-549949,List A,29,29,1031,1066,35,3/25,3/25,30.45,6.20,29.40,0,0,0
/player/dewan-sabbir-549949,T20,6,6,126,195,11,4/22,4/22,17.72,9.28,11.40,1,0,0
/player/dhiman-ghosh-56208,ODI,14,-,-,-,-,-,-,-,-,-,-,-,-
/player/dhiman-ghosh-56208,T20I,1,-,-,-,-,-,-,-,-,-,-,-,-
/player/dhiman-ghosh-56208,FC,134,,633,431,16,3/7,4/46,26.93,4.08,39.50,0,0,0
/player/dhiman-ghosh-56208,List A,133,,6,10,0,-,-,-,10.00,-,0,0,0
/player/dhiman-ghosh-56208,T20,39,-,-,-,-,-,-,-,-,-,-,-,-
/player/dolar-mahmud-56209,ODI,7,7,210,258,8,4/28,4/28,32.25,7.37,26.20,1,0,0
/player/dolar-mahmud-56209,FC,64,,7876,4597,174,7/52,,26.41,3.50,45.20,7,4,0
/player/dolar-mahmud-56209,List A,62,,2064,2035,53,5/47,5/47,38.39,5.91,38.90,1,1,0
/player/dolar-mahmud-56209,T20,15,13,200,305,12,3/40,3/40,25.41,9.14,16.60,0,0,0
/player/ehsanul-haque-55880,Test,1,1,18,18,0,-,-,-,6.00,-,0,0,0
/player/ehsanul-haque-55880,ODI,6,3,141,113,3,2/34,2/34,37.66,4.80,47.00,0,0,0
/player/ehsanul-haque-55880,FC,63,,3116,1743,46,4/87,,37.89,3.35,67.70,,0,0
/player/ehsanul-haque-55880,List A,71,,1742,1569,42,3/26,3/26,37.35,5.40,41.40,0,0,0
/player/elias-sunny-55883,Test,4,7,863,518,12,6/94,7/128,43.16,3.60,71.90,0,1,0
/player/elias-sunny-55883,ODI,4,4,204,161,5,2/21,2/21,32.20,4.73,40.80,0,0,0
/player/elias-sunny-55883,T20I,7,7,138,146,9,5/13,5/13,16.22,6.34,15.30,0,1,0
/player/elias-sunny-55883,FC,97,,19659,9717,343,7/73,,28.32,2.96,57.30,15,17,2
/player/elias-sunny-55883,List A,151,,7301,5298,193,4/22,4/22,27.45,4.35,37.80,5,0,0
/player/elias-sunny-55883,T20,74,71,1359,1577,72,5/13,5/13,21.90,6.96,18.80,0,1,0
/player/enamul-haque-55878,Test,10,12,2230,1027,18,4/136,4/136,57.05,2.76,123.80,2,0,0
/player/enamul-haque-55878,ODI,29,28,1238,1083,19,2/40,2/40,57.00,5.24,65.10,0,0,0
/player/enamul-haque-55878,FC,34,,8373,3424,129,7/74,,26.54,2.45,64.90,,9,4
/player/enamul-haque-55878,List A,64,,2804,2128,49,4/25,4/25,43.42,4.55,57.20,1,0,0
/player/enamul-haque-jnr-55882,Test,15,26,3555,1787,44,7/95,12/200,40.61,3.01,80.70,0,3,1
/player/enamul-haque-jnr-55882,ODI,10,10,576,422,14,3/16,3/16,30.14,4.39,41.10,0,0,0
/player/enamul-haque-jnr-55882,FC,134,,29556,14926,492,7/47,,30.33,3.03,60.00,18,34,6
/player/enamul-haque-jnr-55882,List A,126,,6456,4643,163,4/26,4/26,28.48,4.31,39.60,6,0,0
/player/enamul-haque-jnr-55882,T20,61,58,1162,1250,65,3/14,3/14,19.23,6.45,17.80,0,0,0
/player/fahim-muntasir-55887,Test,3,4,576,342,5,3/131,3/131,68.40,3.56,115.20,0,0,0
/player/fahim-muntasir-55887,ODI,3,3,169,111,0,-,-,-,3.94,-,0,0,0
/player/fahim-muntasir-55887,FC,37,,5836,3077,107,5/31,,28.75,3.16,54.50,,2,0
/player/fahim-muntasir-55887,List A,33,,1393,986,23,3/11,3/11,42.86,4.24,60.50,0,0,0
/player/fahima-khatun-627048,WODI,14,12,373,289,7,2/13,2/13,41.28,4.64,53.20,0,0,0
/player/fahima-khatun-627048,WT20I,59,55,847,811,30,4/8,4/8,27.03,5.74,28.20,1,0,0
/player/faisal-hossain-55889,Test,1,-,-,-,-,-,-,-,-,-,-,-,-
/player/faisal-hossain-55889,ODI,6,2,73,53,1,1/27,1/27,53.00,4.35,73.00,0,0,0
/player/faisal-hossain-55889,FC,114,,6311,3566,84,5/36,,42.45,3.39,75.10,0,2,0
/player/faisal-hossain-55889,List A,106,,1956,1521,53,5/23,5/23,28.69,4.66,36.90,3,2,0
/player/faisal-hossain-55889,T20,8,6,72,108,4,3/17,3/17,27.00,9.00,18.00,0,0,0
/player/fargana-hoque-486995,WODI,37,-,-,-,-,-,-,-,-,-,-,-,-
/player/fargana-hoque-486995,WT20I,68,-,-,-,-,-,-,-,-,-,-,-,-
/player/farhad-reza-55894,ODI,34,32,1139,1017,22,5/42,5/42,46.22,5.35,51.70,0,1,0
/player/farhad-reza-55894,T20I,13,11,156,261,6,2/34,2/34,43.50,10.03,26.00,0,0,0
/player/farhad-reza-55894,FC,131,,15300,7403,297,7/32,,24.92,2.90,51.50,14,9,0
/player/farhad-reza-55894,List A,196,,7838,6546,255,5/37,5/37,25.67,5.01,30.70,9,4,0
/player/farhad-reza-55894,T20,137,125,2271,3151,106,5/32,5/32,29.72,8.32,21.40,1,1,0
/player/faruque-ahmed-55885,ODI,7,-,-,-,-,-,-,-,-,-,-,-,-
/player/faruque-ahmed-55885,FC,5,,48,24,2,2/20,,12.00,3.00,24.00,,0,0
/player/faruque-ahmed-55885,List A,21,,0,0,0,-,-,-,-,-,0,0,0
/player/fazle-mahmud-55893,ODI,2,1,18,16,0,-,-,-,5.33,-,0,0,0
/player/fazle-mahmud-55893,FC,89,,2658,1431,32,4/55,4/80,44.71,3.23,83.00,1,0,0
/player/fazle-mahmud-55893,List A,100,,1263,1084,27,3/18,3/18,40.14,5.14,46.70,0,0,0
/player/fazle-mahmud-55893,T20,46,3,30,50,0,-,-,-,10.00,-,0,0,0
/player/gazi-ashraf-55896,ODI,7,3,51,33,2,1/7,1/7,16.50,3.88,25.50,0,0,0
/player/gazi-ashraf-55896,List A,7,,51,33,2,1/7,1/7,16.50,3.88,25.50,0,0,0
/player/gazi-salahuddin-55904,FC,57,,137,67,0,-,-,-,2.93,-,0,0,0
/player/gazi-salahuddin-55904,List A,34,,0,0,0,-,-,-,-,-,0,0,0
/player/gazi-salahuddin-55904,T20,2,-,-,-,-,-,-,-,-,-,-,-,-
/player/gholam-nousher-55898,ODI,9,9,408,314,5,1/27,1/27,62.80,4.61,81.60,0,0,0
/player/gholam-nousher-55898,List A,12,,505,364,8,2/16,2/16,45.50,4.32,63.10,0,0,0
/player/golam-faruq-55897,ODI,5,5,186,116,2,1/22,1/22,58.00,3.74,93.00,0,0,0
/player/golam-faruq-55897,List A,5,,186,116,2,1/22,1/22,58.00,3.74,93.00,0,0,0
/player/golam-kibria-300620,FC,1,1,6,22,0,-,-,-,22.00,-,0,0,0
/player/golam-mortaza-55900,FC,33,6,0,0,-,-,-,,-,0,0,0
/player/golam-mortaza-55900,List A,29,6,3,0,-,-,-,3.00,-,0,0,0
/player/habibul-bashar-55906,Test,50,9,282,217,0,-,-,-,4.61,-,0,0,0
/player/habibul-bashar-55906,ODI,111,6,175,142,1,1/31,1/31,142.00,4.86,175.00,0,0,0
/player/habibul-bashar-55906,FC,91,,814,527,8,2/28,,65.87,3.88,101.70,,0,0
/player/habibul-bashar-55906,List A,156,,670,499,8,2/17,2/17,62.37,4.46,83.70,0,0,0
/player/hafizur-rahman-55907,ODI,2,-,-,-,-,-,-,-,-,-,-,-,-
/player/hafizur-rahman-55907,List A,2,,0,0,0,-,-,-,-,-,0,0,0
/player/hamidul-islam-288304,FC,51,-,-,-,-,-,-,-,-,-,-,-,-
/player/hamidul-islam-288304,List A,46,-,-,-,-,-,-,-,-,-,-,-,-
/player/hamidul-islam-288304,T20,6,-,-,-,-,-,-,-,-,-,-,-,-
/player/hannan-sarkar-55915,Test,17,-,-,-,-,-,-,-,-,-,-,-,-
/player/hannan-sarkar-55915,ODI,20,1,3,13,0,-,-,-,26.00,-,0,0,0
/player/hannan-sarkar-55915,FC,92,,2653,1544,36,5/58,,42.88,3.49,73.60,,1,0
/player/hannan-sarkar-55915,List A,81,,504,426,8,4/35,4/35,53.25,5.07,63.00,1,0,0
/player/hannan-sarkar-55915,T20,7,-,-,-,-,-,-,-,-,-,-,-,-
/player/harunur-rashid-55912,ODI,2,-,-,-,-,-,-,-,-,-,-,-,-
/player/harunur-rashid-55912,FC,8,,6,3,0,-,-,-,3.00,-,0,0,0
/player/harunur-rashid-55912,List A,13,,6,5,0,-,-,-,5.00,-,0,0,0
/player/hasan-murad-990161,FC,3,6,644,249,12,5/72,6/114,20.75,2.31,53.60,0,1,0
/player/hasan-murad-990161,List A,14,14,804,507,23,4/30,4/30,22.04,3.78,34.90,1,0,0
/player/hasan-murad-990161,T20,11,10,186,182,9,2/18,2/18,20.22,5.87,20.60,0,0,0
/player/hasibul-haque-55922,FC,10,0,0,0,-,-,-,-,-,0,0,0
/player/hasibul-haque-55922,List A,7,0,0,0,-,-,-,-,-,0,0,0
/player/hasibul-hossain-55909,Test,5,6,780,571,6,2/125,2/125,95.16,4.39,130.00,0,0,0
/player/hasibul-hossain-55909,ODI,32,32,1375,1338,29,4/56,4/56,46.13,5.83,47.40,1,0,0
/player/hasibul-hossain-55909,FC,52,,8949,4719,172,6/41,,27.43,3.16,52.00,,11,4
/player/hasibul-hossain-55909,List A,85,,3913,3360,109,5/19,5/19,30.82,5.15,35.80,4,2,0
/player/humayun-kabir-236234,FC,10,17,1601,1118,33,5/48,10/154,33.87,4.18,48.50,1,3,1
/player/humayun-kabir-236234,List A,4,4,115,117,2,2/40,2/40,58.50,6.10,57.50,0,0,0
/player/iftekhar-nayem-280738,FC,28,22,625,336,8,2/18,4/47,42.00,3.22,78.10,0,0,0
/player/iftekhar-nayem-280738,List A,13,1,18,21,1,1/21,1/21,21.00,7.00,18.00,0,0,0
/player/iftekhar-nayem-280738,T20,1,1,6,11,0,-,-,-,11.00,-,0,0,0
/player/imamul-hossain-410762,List A,2,2,30,34,3,3/21,3/21,11.33,6.80,10.00,0,0,0
/player/imrul-kayes-280734,Test,39,4,24,12,0,-,-,-,3.00,-,0,0,0
/player/imrul-kayes-280734,ODI,78,-,-,-,-,-,-,-,-,-,-,-,-
/player/imrul-kayes-280734,T20I,14,-,-,-,-,-,-,-,-,-,-,-,-
/player/imrul-kayes-280734,FC,118,24,317,233,3,1/6,1/6,77.66,4.41,105.60,0,0,0
/player/imrul-kayes-280734,List A,176,5,36,38,2,2/18,2/18,19.00,6.33,18.00,0,0,0
/player/imrul-kayes-280734,T20,138,3,30,33,0,-,-,-,6.60,-,0,0,0
/player/irfan-sukkur-400587,FC,61,2,22,18,0,-,-,-,4.90,-,0,0,0
/player/irfan-sukkur-400587,List A,66,-,-,-,-,-,-,-,-,-,-,-,-
/player/irfan-sukkur-400587,T20,35,-,-,-,-,-,-,-,-,-,-,-,-
/player/ishraq-sonet-55931,FC,22,3053,1599,54,4/46,,29.61,3.14,56.50,3,0,0
/player/ishraq-sonet-55931,List A,15,576,497,13,3/31,3/31,38.23,5.17,44.30,0,0,0
/player/jahanara-alam-343649,WODI,37,37,1498,1025,33,3/21,3/21,31.06,4.10,45.30,0,0,0
/player/jahanara-alam-343649,WT20I,71,71,1274,1139,55,5/28,5/28,20.70,5.36,23.10,1,1,0
/player/jahangir-alam-55932,ODI,3,-,-,-,-,-,-,-,-,-,-,-,-
/player/jahangir-alam-55932,FC,30,,66,52,2,2/12,,26.00,4.72,33.00,0,0,0
/player/jahangir-alam-55932,List A,32,,31,25,2,1/2,1/2,12.50,4.83,15.50,0,0,0
/player/jahangir-alam-talukdar-55937,ODI,2,2,42,36,0,-,-,-,5.14,-,0,0,0
/player/jahangir-alam-talukdar-55937,FC,6,,778,313,5,3/56,,62.60,2.41,155.60,,0,0
/player/jahangir-alam-talukdar-55937,List A,14,,567,337,15,4/34,4/34,22.46,3.56,37.80,1,0,0
/player/jahangir-shah-55933,ODI,5,5,234,172,2,2/23,2/23,86.00,4.41,117.00,0,0,0
/player/jahangir-shah-55933,FC,2,,222,154,3,3/91,,51.33,4.16,74.00,,0,0
/player/jahangir-shah-55933,List A,5,,234,172,2,2/23,2/23,86.00,4.41,117.00,0,0,0
/player/jahurul-islam-55944,Test,7,-,-,-,-,-,-,-,-,-,-,-,-
/player/jahurul-islam-55944,ODI,14,-,-,-,-,-,-,-,-,-,-,-,-
/player/jahurul-islam-55944,T20I,3,-,-,-,-,-,-,-,-,-,-,-,-
/player/jahurul-islam-55944,FC,140,,25,19,1,1/0,1/0,19.00,4.55,25.00,0,0,0
/player/jahurul-islam-55944,List A,157,,3,1,0,-,-,-,2.00,-,0,0,0
/player/jahurul-islam-55944,T20,118,-,-,-,-,-,-,-,-,-,-,-,-
/player/jaker-ali-824541,FC,23,-,-,-,-,-,-,-,-,-,-,-,-
/player/jaker-ali-824541,List A,46,-,-,-,-,-,-,-,-,-,-,-,-
/player/jaker-ali-824541,T20,31,-,-,-,-,-,-,-,-,-,-,-,-
/player/jamaluddin-ahmed-55938,ODI,1,1,24,28,0,-,-,-,7.00,-,0,0,0
/player/jamaluddin-ahmed-55938,FC,64,,10017,4215,141,8/67,,29.89,2.52,71.00,,4,1
/player/jamaluddin-ahmed-55938,List A,61,,2286,1554,46,4/11,4/11,33.78,4.07,49.60,2,0,0
/player/jannatul-ferdus-1051219,WODI,2,-,-,-,-,-,-,-,-,-,-,-,-
/player/jannatul-ferdus-1051219,WT20I,1,-,-,-,-,-,-,-,-,-,-,-,-
/player/jashimuddin-348082,FC,16,-,-,-,-,-,-,-,-,-,-,-,-
/player/jashimuddin-348082,List A,47,-,-,-,-,-,-,-,-,-,-,-,-
/player/jashimuddin-348082,T20,5,-,-,-,-,-,-,-,-,-,-,-,-
/player/javed-omar-55935,Test,40,1,6,12,0,-,-,-,12.00,-,0,0,0
/player/javed-omar-55935,ODI,59,-,-,-,-,-,-,-,-,-,-,-,-
/player/javed-omar-55935,FC,102,,264,165,2,2/75,,82.50,3.75,132.00,,0,0
/player/javed-omar-55935,List A,108,,77,72,0,-,-,-,5.61,-,0,0,0
/player/joyraz-sheik-629071,FC,12,3,78,69,1,1/20,1/20,69.00,5.30,78.00,0,0,0
/player/joyraz-sheik-629071,List A,20,5,63,65,3,2/14,2/14,21.66,6.19,21.00,0,0,0
/player/joyraz-sheik-629071,T20,7,-,-,-,-,-,-,-,-,-,-,-,-
/player/jubair-hossain-629066,Test,6,9,715,493,16,5/96,7/152,30.81,4.13,44.60,0,1,0
/player/jubair-hossain-629066,ODI,3,3,114,114,4,2/41,2/41,28.50,6.00,28.50,0,0,0
/player/jubair-hossain-629066,T20I,1,1,12,20,2,2/20,2/20,10.00,10.00,6.00,0,0,0
/player/jubair-hossain-629066,FC,24,38,3188,2186,67,5/61,8/166,32.62,4.11,47.50,5,2,0
/player/jubair-hossain-629066,List A,17,17,649,604,28,6/34,6/34,21.57,5.58,23.10,1,1,0
/player/jubair-hossain-629066,T20,9,8,120,167,4,2/20,2/20,41.75,8.35,30.00,0,0,0
/player/junaid-siddique-55946,Test,19,2,18,11,0,-,-,-,3.66,-,0,0,0
/player/junaid-siddique-55946,ODI,54,2,12,13,0,-,-,-,6.50,-,0,0,0
/player/junaid-siddique-55946,T20I,7,-,-,-,-,-,-,-,-,-,-,-,-
/player/junaid-siddique-55946,FC,137,,271,179,1,1/30,1/79,179.00,3.96,271.00,0,0,0
/player/junaid-siddique-55946,List A,182,,47,44,0,-,-,-,5.61,-,0,0,0
/player/junaid-siddique-55946,T20,78,-,-,-,-,-,-,-,-,-,-,-,-
/player/kamrul-islam-375724,Test,7,11,750,504,8,3/87,3/99,63.00,4.03,93.70,0,0,0
/player/kamrul-islam-375724,FC,85,141,11810,6957,172,6/24,6/59,40.44,3.53,68.60,6,2,0
/player/kamrul-islam-375724,List A,78,77,3692,3393,112,5/24,5/24,30.29,5.51,32.90,3,2,0
/player/kamrul-islam-375724,T20,68,66,1218,1702,80,4/10,4/10,21.27,8.38,15.20,5,0,0
/player/kazi-kamrul-islam-55961,FC,50,88,7823,4069,135,6/55,7/65,30.14,3.12,57.90,6,3,0
/player/kazi-kamrul-islam-55961,List A,37,36,1738,1445,45,6/47,6/47,32.11,4.98,38.60,1,1,0
/player/kazi-kamrul-islam-55961,T20,2,2,42,51,6,4/23,4/23,8.50,7.28,7.00,1,0,0
/player/khadija-tul-kubra-535871,WODI,30,30,1411,820,42,6/20,6/20,19.52,3.48,33.50,2,1,0
/player/khadija-tul-kubra-535871,WT20I,49,48,902,794,43,3/5,3/5,18.46,5.28,20.90,0,0,0
/player/khaled-ahmed-927619,Test,2,3,360,242,0,-,-,-,4.03,-,0,0,0
/player/khaled-ahmed-927619,FC,27,41,3447,2004,55,5/54,10/139,36.43,3.48,62.60,3,3,1
/player/khaled-ahmed-927619,List A,34,34,1577,1454,50,4/31,4/31,29.08,5.53,31.50,3,0,0
/player/khaled-ahmed-927619,T20,29,29,592,750,35,3/20,3/20,21.42,7.60,16.90,0,0,0
/player/khaled-mahmud-55952,Test,12,17,1620,832,13,4/37,7/105,64.00,3.08,124.60,1,0,0
/player/khaled-mahmud-55952,ODI,77,75,3385,2865,67,4/19,4/19,42.76,5.07,50.50,1,0,0
/player/khaled-mahmud-55952,FC,46,,6258,3064,97,5/32,,31.58,2.93,64.50,,2,0
/player/khaled-mahmud-55952,List A,125,,5453,4268,144,5/17,5/17,29.63,4.69,37.80,4,2,0
/player/khaled-mashud-55954,Test,44,-,-,-,-,-,-,-,-,-,-,-,-
/player/khaled-mashud-55954,ODI,126,-,-,-,-,-,-,-,-,-,-,-,-
/player/khaled-mashud-55954,FC,114,,56,27,0,-,-,-,2.89,-,0,0,0
/player/khaled-mashud-55954,List A,198,,7,13,0,-,-,-,11.14,-,0,0,0
/player/khaled-mashud-55954,T20,7,-,-,-,-,-,-,-,-,-,-,-,-
/player/kuntal-chandra-55964,FC,3,0,0,0,-,-,-,-,-,0,0,0
/player/kuntal-chandra-55964,List A,2,0,0,0,-,-,-,-,-,0,0,0
/player/lata-mondal-346295,WODI,22,15,469,283,13,4/35,4/35,21.76,3.62,36.00,1,0,0
/player/lata-mondal-346295,WT20I,38,19,204,270,5,1/12,1/12,54.00,7.94,40.80,0,0,0
/player/lily-rani-biswas-346292,WT20I,4,4,48,49,2,2/18,2/18,24.50,6.12,24.00,0,0,0
/player/mafizur-rahman-55965,ODI,4,4,66,73,0,-,-,-,6.63,-,0,0,0
/player/mafizur-rahman-55965,FC,1,,90,39,1,1/23,,39.00,2.60,90.00,,0,0
/player/mafizur-rahman-55965,List A,11,,366,339,7,3/54,3/54,48.42,5.55,52.20,0,0,0
/player/mahbubul-alam-56032,Test,4,6,587,314,5,2/62,2/62,62.80,3.20,117.40,0,0,0
/player/mahbubul-alam-56032,ODI,5,5,222,280,7,2/42,2/42,40.00,7.56,31.70,0,0,0
/player/mahbubul-alam-56032,FC,53,,7471,3830,141,5/47,,27.16,3.07,52.90,9,2,0
/player/mahbubul-alam-56032,List A,51,,2107,1934,65,5/27,5/27,29.75,5.50,32.40,2,1,0
/player/mahbubul-alam-56032,T20,7,6,90,149,4,1/21,1/21,37.25,9.93,22.50,0,0,0
/player/mahbubur-rahman-55966,ODI,1,-,-,-,-,-,-,-,-,-,-,-,-
/player/mahbubur-rahman-55966,FC,4,,0,0,0,-,-,-,-,-,0,0,0
/player/mahbubur-rahman-55966,List A,6,,0,0,0,-,-,-,-,-,0,0,0
/player/mahidul-islam-ankon-995037,FC,17,-,-,-,-,-,-,-,-,-,-,-,-
/player/mahidul-islam-ankon-995037,List A,38,-,-,-,-,-,-,-,-,-,-,-,-
/player/mahidul-islam-ankon-995037,T20,32,-,-,-,-,-,-,-,-,-,-,-,-
/player/mahmudul-hasan-300621,FC,76,120,9914,4805,138,5/38,9/147,34.81,2.90,71.80,5,6,0
/player/mahmudul-hasan-300621,List A,105,94,3681,2846,89,5/27,5/27,31.97,4.63,41.30,1,1,0
/player/mahmudul-hasan-300621,T20,42,26,324,420,6,3/16,3/16,70.00,7.77,54.00,0,0,0
/player/mahmudul-hasan-joy-1161381,FC,3,-,-,-,-,-,-,-,-,-,-,-,-
/player/mahmudul-hasan-joy-1161381,List A,13,1,24,17,0,-,-,-,4.25,-,0,0,0
/player/mahmudul-hasan-joy-1161381,T20,19,-,-,-,-,-,-,-,-,-,-,-,-
/player/manjurul-islam-55968,Test,17,22,2970,1605,28,6/81,6/81,57.32,3.24,106.00,0,1,0
/player/manjurul-islam-55968,ODI,34,34,1591,1284,24,3/37,3/37,53.50,4.84,66.20,0,0,0
/player/manjurul-islam-55968,FC,52,,7726,3699,95,6/27,,38.93,2.87,81.30,,2,0
/player/manjurul-islam-55968,List A,77,,3577,2465,77,4/41,4/41,32.01,4.13,46.40,1,0,0
/player/manzarul-islam-55991,Test,6,7,749,401,5,3/84,3/84,80.20,3.21,149.80,0,0,0
/player/manzarul-islam-55991,ODI,25,23,996,689,23,4/34,4/34,29.95,4.15,43.30,2,0,0
/player/manzarul-islam-55991,FC,46,,8164,3299,127,7/82,,25.97,2.42,64.20,,7,1
/player/manzarul-islam-55991,List A,65,,2944,1847,85,4/9,4/9,21.72,3.76,34.60,7,0,0
/player/marshall-ayub-228349,Test,3,2,60,53,0,-,-,-,5.30,-,0,0,0
/player/marshall-ayub-228349,FC,141,101,2824,1738,44,6/90,7/113,39.50,3.69,64.10,1,1,0
/player/marshall-ayub-228349,List A,122,29,714,597,22,2/27,2/27,27.13,5.01,32.40,0,0,0
/player/marshall-ayub-228349,T20,44,4,34,33,5,4/20,4/20,6.60,5.82,6.80,1,0,0
/player/mashrafe-mortaza-56007,Test,36,51,5990,3239,78,4/60,5/88,41.52,3.24,76.70,4,0,0
/player/mashrafe-mortaza-56007,ODI,220,220,10922,8893,270,6/26,6/26,32.93,4.88,40.40,7,1,0
/player/mashrafe-mortaza-56007,T20I,54,53,1139,1527,42,4/19,4/19,36.35,8.04,27.10,1,0,0
/player/mashrafe-mortaza-56007,FC,57,,8970,4732,135,4/27,,35.05,3.16,66.40,7,0,0
/player/mashrafe-mortaza-56007,List A,306,,15044,12039,421,6/26,6/26,28.59,4.80,35.70,14,6,0
/player/mashrafe-mortaza-56007,T20,167,163,3551,4449,153,5/35,5/35,29.07,7.51,23.20,2,1,0
/player/mazharul-haque-55997,ODI,1,1,4,4,0,-,-,-,6.00,-,0,0,0
/player/mazharul-haque-55997,FC,27,,184,99,4,1/2,,24.75,3.22,46.00,,0,0
/player/mazharul-haque-55997,List A,16,,116,94,3,2/39,2/39,31.33,4.86,38.60,0,0,0
/player/mehedi-hasan-989761,FC,1,1,138,60,2,2/60,2/60,30.00,2.60,69.00,0,0,0
/player/mehedi-hasan-989761,List A,5,5,228,161,7,3/25,3/25,23.00,4.23,32.50,0,0,0
/player/mehedi-hasan-989761,T20,4,4,84,119,3,2/26,2/26,39.66,8.50,28.00,0,0,0
/player/mehedi-hasan-rana-878465,FC,30,48,4467,2405,79,5/30,7/57,30.44,3.23,56.50,3,1,0
/player/mehedi-hasan-rana-878465,List A,26,26,1019,917,27,4/55,4/55,33.96,5.39,37.70,1,0,0
/player/mehedi-hasan-rana-878465,T20,27,27,582,819,39,4/23,4/23,21.00,8.44,14.90,2,0,0
/player/mehedi-maruf-228210,FC,31,2,42,24,0,-,-,-,3.42,-,0,0,0
/player/mehedi-maruf-228210,List A,87,1,3,12,0,-,-,-,24.00,-,0,0,0
/player/mehedi-maruf-228210,T20,52,-,-,-,-,-,-,-,-,-,-,-,-
/player/mehrab-hossain-55970,Test,9,1,12,5,0,-,-,-,2.50,-,0,0,0
/player/mehrab-hossain-55970,ODI,18,3,30,42,0,-,-,-,8.40,-,0,0,0
/player/mehrab-hossain-55970,FC,58,,1121,620,19,2/6,,32.63,3.31,59.00,,0,0
/player/mehrab-hossain-55970,List A,68,,623,461,17,5/19,5/19,27.11,4.43,36.60,0,1,0
/player/mehrab-hossain-jnr-56031,Test,7,11,407,281,4,2/29,2/29,70.25,4.14,101.70,0,0,0
/player/mehrab-hossain-jnr-56031,ODI,18,10,253,214,4,2/30,2/30,53.50,5.07,63.20,0,0,0
/player/mehrab-hossain-jnr-56031,T20I,2,1,17,20,0,-,-,-,7.05,-,0,0,0
/player/mehrab-hossain-jnr-56031,FC,124,,4357,2782,53,6/80,,52.49,3.83,82.20,2,2,1
/player/mehrab-hossain-jnr-56031,List A,107,,1617,1245,36,4/37,4/37,34.58,4.61,44.90,1,0,0
/player/mehrab-hossain-jnr-56031,T20,26,8,77,90,2,2/8,2/8,45.00,7.01,38.50,0,0,0
/player/minhajul-abedin-55971,ODI,27,18,546,511,13,2/39,2/39,39.30,5.61,42.00,0,0,0
/player/minhajul-abedin-55971,FC,24,,841,332,12,3/27,,27.66,2.36,70.00,,0,0
/player/minhajul-abedin-55971,List A,65,,966,805,20,2/39,2/39,40.25,5.00,48.30,0,0,0
/player/minhazur-rahman-1161045,FC,2,4,226,112,4,4/31,4/69,28.00,2.97,56.50,1,0,0
/player/minhazur-rahman-1161045,List A,2,2,90,78,1,1/40,1/40,78.00,5.20,90.00,0,0,0
/player/minhazur-rahman-1161045,T20,1,1,24,20,2,2/20,2/20,10.00,5.00,12.00,0,0,0
/player/mizanur-rahman-55998,FC,5,0,0,0,-,-,-,-,-,0,0,0
/player/mizanur-rahman-55998,List A,6,0,0,0,-,-,-,-,-,0,0,0
/player/mobashir-khan-430615,FC,2,3,234,164,5,2/17,4/83,32.79,4.20,46.80,0,0,0
/player/mohammad-ashraful-55988,Test,61,67,1733,1271,21,2/42,3/75,60.52,4.40,82.50,0,0,0
/player/mohammad-ashraful-55988,ODI,177,40,697,661,18,3/26,3/26,36.72,5.69,38.70,0,0,0
/player/mohammad-ashraful-55988,T20I,23,8,138,210,8,3/42,3/42,26.25,9.13,17.20,0,0,0
/player/mohammad-ashraful-55988,FC,166,,11958,6968,198,7/99,,35.19,3.49,60.30,,6,0
/player/mohammad-ashraful-55988,List A,266,,2386,2051,65,4/28,4/28,31.55,5.15,36.70,1,0,0
/player/mohammad-ashraful-55988,T20,87,26,371,488,25,3/13,3/13,19.52,7.89,14.80,0,0,0
/player/mohammad-azim-270250,FC,16,27,2144,1140,34,5/54,9/120,33.52,3.19,63.00,2,1,0
/player/mohammad-azim-270250,List A,40,38,1647,1447,66,6/67,6/67,21.92,5.27,24.90,2,1,0
/player/mohammad-kalim-55980,FC,8,0,0,0,-,-,-,-,-,0,0,0
/player/mohammad-kalim-55980,List A,7,0,0,0,-,-,-,-,-,0,0,0
/player/mohammad-rafique-55973,Test,33,48,8744,4076,100,6/77,9/160,40.76,2.79,87.40,3,7,0
/player/mohammad-rafique-55973,ODI,125,124,6414,4739,125,5/47,5/47,37.91,4.43,51.30,3,1,0
/player/mohammad-rafique-55973,T20I,1,1,24,22,1,1/22,1/22,22.00,5.50,24.00,0,0,0
/player/mohammad-rafique-55973,FC,62,,16304,6640,237,7/52,,28.01,2.44,68.70,,12,2
/player/mohammad-rafique-55973,List A,164,,8430,5861,184,5/16,5/16,31.85,4.17,45.80,3,2,0
/player/mohammad-rafique-55973,T20,7,7,147,114,11,4/7,4/7,10.36,4.65,13.30,1,0,0
/player/mohammad-rakib-933193,List A,3,-,-,-,-,-,-,-,-,-,-,-,-
/player/mohammad-rakib-933193,T20,7,-,-,-,-,-,-,-,-,-,-,-,-
/player/saddam-hossain-712585,FC,20,26,1786,989,29,5/57,7/104,34.10,3.32,61.50,1,1,0
/player/saddam-hossain-712585,List A,32,32,1286,1152,44,4/39,4/39,26.18,5.37,29.20,2,0,0
/player/saddam-hossain-712585,T20,11,11,154,242,7,2/3,2/3,34.57,9.42,22.00,0,0,0
/player/mohammad-salim-55982,Test,2,-,-,-,-,-,-,-,-,-,-,-,-
/player/mohammad-salim-55982,ODI,1,-,-,-,-,-,-,-,-,-,-,-,-
/player/mohammad-salim-55982,FC,65,,139,98,3,1/4,1/4,32.66,4.23,46.30,0,0,0
/player/mohammad-salim-55982,List A,60,,6,16,1,1/16,1/16,16.00,16.00,6.00,0,0,0
/player/mohammad-shahid-537154,Test,5,6,630,288,5,2/23,4/95,57.60,2.74,126.00,0,0,0
/player/mohammad-shahid-537154,T20I,1,1,18,32,1,1/32,1/32,32.00,10.66,18.00,0,0,0
/player/mohammad-shahid-537154,FC,44,74,5630,3043,93,5/45,9/103,32.72,3.24,60.50,3,2,0
/player/mohammad-shahid-537154,List A,65,65,3292,2541,100,4/22,4/22,25.41,4.63,32.90,5,0,0
/player/mohammad-shahid-537154,T20,48,47,923,1193,56,4/12,4/12,21.30,7.75,16.40,1,0,0
/player/mohammad-shakil-267340,FC,5,9,372,223,5,2/38,3/105,44.60,3.59,74.40,0,0,0
/player/mohammad-shakil-267340,List A,5,4,120,111,3,1/12,1/12,37.00,5.55,40.00,0,0,0
/player/mohammad-sharif-55986,Test,10,11,1651,1106,14,4/98,4/98,79.00,4.01,117.90,1,0,0
/player/mohammad-sharif-55986,ODI,9,9,499,424,10,3/40,3/40,42.40,5.09,49.90,0,0,0
/player/mohammad-sharif-55986,FC,132,,19427,11017,393,6/24,,28.03,3.40,49.40,,15,3
/player/mohammad-sharif-55986,List A,119,,5352,4372,185,6/33,6/33,23.63,4.90,28.90,5,7,0
/player/mohammad-sharif-55986,T20,22,21,405,586,11,3/22,3/22,53.27,8.68,36.80,0,0,0
/player/mohammad-sozib-1072490,List A,3,-,-,-,-,-,-,-,-,-,-,-,-
/player/mohiuddin-tareq-1265754,T20,12,11,206,271,16,4/29,4/29,16.93,7.89,12.80,1,0,0
/player/moniruzzaman-56011,ODI,2,-,-,-,-,-,-,-,-,-,-,-,-
/player/moniruzzaman-56011,FC,27,,210,72,3,2/33,,24.00,2.05,70.00,0,0,0
/player/moniruzzaman-56011,List A,18,,9,9,0,-,-,-,6.00,-,0,0,0
/player/morshed-ali-khan-55974,ODI,3,3,138,85,2,1/26,1/26,42.50,3.69,69.00,0,0,0
/player/morshed-ali-khan-55974,FC,3,,210,73,1,1/11,,73.00,2.08,210.00,,0,0
/player/morshed-ali-khan-55974,List A,16,,756,510,17,3/27,3/27,30.00,4.04,44.40,0,0,0
/player/mosabbek-hossain-858603,List A,1,1,24,20,0,-,-,-,5.00,-,0,0,0
/player/mosaddek-hossain-55993,FC,20,2907,1658,55,5/46,,30.14,3.42,52.80,,2,0
/player/mosaddek-hossain-55993,List A,7,267,217,9,4/29,4/29,24.11,4.87,29.60,1,0,0
/player/mosharraf-hossain-56017,ODI,5,5,198,147,4,3/24,3/24,36.75,4.45,49.50,0,0,0
/player/mosharraf-hossain-56017,FC,112,,25339,11381,392,9/105,,29.03,2.69,64.60,17,19,3
/player/mosharraf-hossain-56017,List A,104,,5123,3658,120,5/57,5/57,30.48,4.28,42.60,3,1,0
/player/mosharraf-hossain-56017,T20,56,55,1105,1176,60,4/9,4/9,19.60,6.38,18.40,2,0,0
/player/sobhana-mostary-1145089,WODI,1,1,12,20,0,-,-,-,10.00,-,0,0,0
/player/sobhana-mostary-1145089,WT20I,3,-,-,-,-,-,-,-,-,-,-,-,-
/player/mrittunjoy-chowdhury-1012137,T20,6,4,77,91,3,2/30,2/30,30.33,7.09,25.60,0,0,0
/player/mukidul-islam-990165,FC,8,14,1169,613,29,6/64,12/131,21.13,3.14,40.30,0,3,1
/player/mukidul-islam-990165,List A,10,9,482,413,14,4/62,4/62,29.50,5.14,34.40,1,0,0
/player/mukidul-islam-990165,T20,31,28,560,824,31,3/30,3/30,26.58,8.82,18.00,0,0,0
/player/muktar-ali-269332,T20I,1,1,12,17,0,-,-,-,8.50,-,0,0,0
/player/muktar-ali-269332,FC,62,106,7979,4062,122,5/58,8/86,33.29,3.05,65.40,5,1,0
/player/muktar-ali-269332,List A,89,82,3364,2834,95,4/19,4/19,29.83,5.05,35.40,4,0,0
/player/muktar-ali-269332,T20,84,73,1255,1712,75,5/22,5/22,22.82,8.18,16.70,1,1,0
/player/munim-shahriar-549950,List A,13,-,-,-,-,-,-,-,-,-,-,-,-
/player/munim-shahriar-549950,T20,15,-,-,-,-,-,-,-,-,-,-,-,-
/player/murad-khan-56003,FC,6,324,138,3,2/24,,46.00,2.55,108.00,0,0,0
/player/murad-khan-56003,List A,9,194,140,4,2/31,2/31,35.00,4.32,48.50,0,0,0
/player/murshida-khatun-1080264,WODI,5,-,-,-,-,-,-,-,-,-,-,-,-
/player/murshida-khatun-1080264,WT20I,10,-,-,-,-,-,-,-,-,-,-,-,-
/player/mushfiqur-rahman-55976,Test,10,15,1365,823,13,4/65,4/90,63.30,3.61,105.00,1,0,0
/player/mushfiqur-rahman-55976,ODI,28,28,1332,983,19,2/21,2/21,51.73,4.42,70.10,0,0,0
/player/mushfiqur-rahman-55976,FC,66,,7320,3751,133,5/40,,28.20,3.07,55.00,,3,0
/player/mushfiqur-rahman-55976,List A,81,,3384,2414,84,4/27,4/27,28.73,4.28,40.20,4,0,0
/player/nabil-samad-56058,FC,95,,20606,8534,308,8/61,,27.70,2.48,66.90,17,15,2
/player/nabil-samad-56058,List A,118,,5796,3981,143,5/26,5/26,27.83,4.12,40.50,6,2,0
/player/nabil-samad-56058,T20,70,66,1340,1515,52,3/1,3/1,29.13,6.78,25.70,0,0,0
/player/nadif-chowdhury-56053,T20I,3,-,-,-,-,-,-,-,-,-,-,-,-
/player/nadif-chowdhury-56053,FC,115,,4413,2163,72,5/34,,30.04,2.94,61.20,3,3,0
/player/nadif-chowdhury-56053,List A,135,,897,608,15,2/24,2/24,40.53,4.06,59.80,0,0,0
/player/nadif-chowdhury-56053,T20,60,4,48,64,3,2/17,2/17,21.33,8.00,16.00,0,0,0
/player/nadimuddin-281183,FC,14,-,-,-,-,-,-,-,-,-,-,-,-
/player/nadimuddin-281183,List A,4,-,-,-,-,-,-,-,-,-,-,-,-
/player/naeem-islam-56054,Test,8,14,574,303,1,1/11,1/27,303.00,3.16,574.00,0,0,0
/player/naeem-islam-56054,ODI,59,48,1743,1407,35,3/32,3/32,40.20,4.84,49.80,0,0,0
/player/naeem-islam-56054,T20I,10,6,90,122,3,2/32,2/32,40.66,8.13,30.00,0,0,0
/player/naeem-islam-56054,FC,147,,5028,2522,52,5/50,,48.50,3.00,96.60,0,1,0
/player/naeem-islam-56054,List A,207,,4773,3684,114,4/31,4/31,32.31,4.63,41.80,2,0,0
/player/naeem-islam-56054,T20,83,35,458,601,24,3/7,3/7,25.04,7.87,19.00,0,0,0
/player/naeem-islam-jnr-509416,FC,9,11,1091,562,3,2/68,2/68,187.33,3.09,363.60,0,0,0
/player/naeem-islam-jnr-509416,List A,71,71,3280,2609,68,6/33,6/33,38.36,4.77,48.20,3,1,0
/player/naeem-islam-jnr-509416,T20,28,25,444,539,14,2/17,2/17,38.50,7.28,31.70,0,0,0
/player/nafees-iqbal-56064,Test,11,-,-,-,-,-,-,-,-,-,-,-,-
/player/nafees-iqbal-56064,ODI,16,-,-,-,-,-,-,-,-,-,-,-,-
/player/nafees-iqbal-56064,FC,120,,653,376,12,3/33,3/53,31.33,3.45,54.40,0,0,0
/player/nafees-iqbal-56064,List A,112,,2,2,0,-,-,-,6.00,-,0,0,0
/player/nafees-iqbal-56064,T20,6,-,-,-,-,-,-,-,-,-,-,-,-
/player/nahid-hasan-675737,List A,12,12,587,501,16,3/70,3/70,31.31,5.12,36.60,0,0,0
/player/nahid-hasan-675737,T20,6,6,96,153,1,1/27,1/27,153.00,9.56,96.00,0,0,0
/player/nahida-akter-924183,WODI,15,14,605,365,13,2/15,2/15,28.07,3.61,46.50,0,0,0
/player/nahida-akter-924183,WT20I,41,41,808,671,50,4/11,4/11,13.42,4.98,16.10,1,0,0
/player/nahidul-haque-56042,FC,45,753,472,14,4/14,,33.71,3.76,53.70,,0,0
/player/nahidul-haque-56042,List A,51,420,417,15,4/60,4/60,27.80,5.95,28.00,1,0,0
/player/naimur-rahman-56035,Test,8,10,1321,718,12,6/132,6/154,59.83,3.26,110.00,0,1,0
/player/naimur-rahman-56035,ODI,29,24,1094,904,10,2/51,2/51,90.40,4.95,109.40,0,0,0
/player/naimur-rahman-56035,FC,34,,6715,3222,103,6/132,,31.28,2.87,65.10,,4,0
/player/naimur-rahman-56035,List A,60,,2314,1734,47,5/35,5/35,36.89,4.49,49.20,1,1,0
/player/nasir-ahmed-56038,ODI,7,-,-,-,-,-,-,-,-,-,-,-,-
/player/nasir-ahmed-56038,List A,7,,0,0,0,-,-,-,-,-,0,0,0
/player/nasir-hossain-300618,Test,19,25,924,442,8,3/52,3/130,55.25,2.87,115.50,0,0,0
/player/nasir-hossain-300618,ODI,65,43,1256,988,24,3/26,3/26,41.16,4.71,52.30,0,0,0
/player/nasir-hossain-300618,T20I,31,11,179,262,7,2/26,2/26,37.42,8.78,25.50,0,0,0
/player/nasir-hossain-300618,FC,92,123,5495,2704,81,5/70,5/31,33.38,2.95,67.80,1,1,0
/player/nasir-hossain-300618,List A,184,152,5984,4045,130,5/36,5/36,31.11,4.05,46.00,1,1,0
/player/nasir-hossain-300618,T20,131,95,1485,1854,59,5/31,5/31,31.42,7.49,25.10,0,1,0
/player/nazimuddin-56059,Test,3,-,-,-,-,-,-,-,-,-,-,-,-
/player/nazimuddin-56059,ODI,11,-,-,-,-,-,-,-,-,-,-,-,-
/player/nazimuddin-56059,T20I,7,-,-,-,-,-,-,-,-,-,-,-,-
/player/nazimuddin-56059,FC,104,,198,137,2,1/9,,68.50,4.15,99.00,0,0,0
/player/nazimuddin-56059,List A,121,,12,14,1,1/14,1/14,14.00,7.00,12.00,0,0,0
/player/nazimuddin-56059,T20,26,-,-,-,-,-,-,-,-,-,-,-,-
/player/nazmul-hossain-56056,Test,2,3,329,194,5,2/61,3/80,38.79,3.53,65.80,0,0,0
/player/nazmul-hossain-56056,ODI,38,37,1649,1386,44,4/40,4/40,31.50,5.04,37.40,1,0,0
/player/nazmul-hossain-56056,T20I,4,4,42,67,1,1/15,1/15,67.00,9.57,42.00,0,0,0
/player/nazmul-hossain-56056,FC,52,,6312,2950,96,5/30,,30.72,2.80,65.70,0,2,0
/player/nazmul-hossain-56056,List A,69,,2827,2278,72,4/40,4/40,31.63,4.83,39.20,1,0,0
/player/nazmul-hossain-56056,T20,16,16,252,374,12,2/9,2/9,31.16,8.90,21.00,0,0,0
/player/nazmul-hossain-milon-281188,FC,28,22,675,332,17,4/28,8/77,19.52,2.95,39.70,2,0,0
/player/nazmul-hossain-milon-281188,List A,110,24,416,430,7,3/58,3/58,61.42,6.20,59.40,0,0,0
/player/nazmul-hossain-milon-281188,T20,71,8,72,125,2,1/8,1/8,62.50,10.41,36.00,0,0,0
/player/nazmul-islam-446810,Test,1,2,174,76,4,2/27,4/76,19.00,2.62,43.50,0,0,0
/player/nazmul-islam-446810,ODI,5,5,264,224,5,2/38,2/38,44.80,5.09,52.80,0,0,0
/player/nazmul-islam-446810,T20I,13,12,231,265,8,3/28,3/28,33.12,6.88,28.80,0,0,0
/player/nazmul-islam-446810,FC,64,107,12597,5792,189,6/23,10/64,30.64,2.75,66.60,9,6,2
/player/nazmul-islam-446810,List A,89,89,4269,3112,108,5/32,5/32,28.81,4.37,39.50,1,2,0
/player/nazmul-islam-446810,T20,86,82,1492,1875,60,3/8,3/8,31.25,7.54,24.80,0,0,0
/player/nazmus-sadat-56061,T20I,1,-,-,-,-,-,-,-,-,-,-,-,-
/player/nazmus-sadat-56061,FC,59,,2372,1330,23,2/12,,57.82,3.36,103.10,0,0,0
/player/nazmus-sadat-56061,List A,84,,2163,1727,52,4/59,4/59,33.21,4.79,41.50,1,0,0
/player/nazmus-sadat-56061,T20,6,1,12,17,0,-,-,-,8.50,-,0,0,0
/player/neeyamur-rashid-56044,ODI,2,2,78,66,1,1/46,1/46,66.00,5.07,78.00,0,0,0
/player/neeyamur-rashid-56044,FC,37,,3483,1581,64,4/59,,24.70,2.72,54.40,,0,0
/player/neeyamur-rashid-56044,List A,40,,1290,983,31,3/15,3/15,31.70,4.57,41.60,0,0,0
/player/nigar-sultana-924177,WODI,21,-,-,-,-,-,-,-,-,-,-,-,-
/player/nigar-sultana-924177,WT20I,52,-,-,-,-,-,-,-,-,-,-,-,-
/player/nihaduzzaman-629065,FC,13,20,2027,1162,33,5/45,7/197,35.21,3.43,61.40,2,1,0
/player/nihaduzzaman-629065,List A,39,38,1960,1675,45,4/21,4/21,37.22,5.12,43.50,1,0,0
/player/nihaduzzaman-629065,T20,12,12,207,244,6,2/19,2/19,40.66,7.07,34.50,0,0,0
/player/noman-chowdhury-1202946,FC,7,10,778,444,12,4/47,4/69,37.00,3.42,64.80,1,0,0
/player/noman-chowdhury-1202946,T20,2,2,30,52,0,-,-,-,10.40,-,0,0,0
/player/noor-hossain-400588,FC,26,44,4191,2746,80,6/146,8/136,34.32,3.93,52.30,4,4,0
/player/noor-hossain-400588,List A,40,38,1433,1224,41,3/22,3/22,29.85,5.12,34.90,0,0,0
/player/noor-hossain-400588,T20,10,10,174,230,6,2/21,2/21,38.33,7.93,29.00,0,0,0
/player/nurul-abedin-56040,ODI,4,-,-,-,-,-,-,-,-,-,-,-,-
/player/nurul-abedin-56040,List A,6,,0,0,0,-,-,-,-,-,0,0,0
/player/nuzhat-tasnia-577190,WODI,10,-,-,-,-,-,-,-,-,-,-,-,-
/player/nuzhat-tasnia-577190,WT20I,18,-,-,-,-,-,-,-,-,-,-,-,-
/player/panna-ghosh-301600,WODI,28,27,954,645,15,2/9,2/9,43.00,4.05,63.60,0,0,0
/player/panna-ghosh-301600,WT20I,40,38,657,584,33,5/16,5/16,17.69,5.33,19.90,0,1,0
/player/parvez-hossain-emon-1139511,FC,1,-,-,-,-,-,-,-,-,-,-,-,-
/player/parvez-hossain-emon-1139511,List A,10,-,-,-,-,-,-,-,-,-,-,-,-
/player/parvez-hossain-emon-1139511,T20,24,-,-,-,-,-,-,-,-,-,-,-,-
/player/pinak-ghosh-858137,FC,23,1,2,1,0,-,-,-,3.00,-,0,0,0
/player/pinak-ghosh-858137,List A,21,-,-,-,-,-,-,-,-,-,-,-,-
/player/pinak-ghosh-858137,T20,5,-,-,-,-,-,-,-,-,-,-,-,-
/player/prantik-nawrose-nabil-1172971,List A,9,-,-,-,-,-,-,-,-,-,-,-,-
/player/pritom-kumar-1139518,FC,2,-,-,-,-,-,-,-,-,-,-,-,-
/player/pritom-kumar-1139518,List A,1,-,-,-,-,-,-,-,-,-,-,-,-
/player/pritom-kumar-1139518,T20,12,-,-,-,-,-,-,-,-,-,-,-,-
/player/prosenjit-das-629072,FC,1,-,-,-,-,-,-,-,-,-,-,-,-
/player/prosenjit-das-629072,List A,3,-,-,-,-,-,-,-,-,-,-,-,-
/player/qazi-onik-864553,FC,4,7,578,308,15,5/57,7/118,20.53,3.19,38.50,0,1,0
/player/qazi-onik-864553,List A,26,26,1176,1110,41,6/49,6/49,27.07,5.66,28.60,1,2,0
/player/qazi-onik-864553,T20,16,16,280,479,15,4/17,4/17,31.93,10.26,18.60,1,0,0
/player/rabeya-khan-1204964,WT20I,2,2,36,9,4,4/8,4/8,2.25,1.50,9.00,1,0,0
/player/rafikul-khan-56077,Test,1,-,-,-,-,-,-,-,-,-,-,-,-
/player/rafikul-khan-56077,ODI,1,-,-,-,-,-,-,-,-,-,-,-,-
/player/rafikul-khan-56077,FC,46,,59,40,1,1/6,,40.00,4.06,59.00,0,0,0
/player/rafikul-khan-56077,List A,41,,41,44,2,2/40,2/40,22.00,6.43,20.50,0,0,0
/player/rafiqul-alam-56066,ODI,2,-,-,-,-,-,-,-,-,-,-,-,-
/player/rafiqul-alam-56066,List A,2,,0,0,0,-,-,-,-,-,0,0,0
/player/rahatul-ferdous-629064,FC,30,48,4456,2345,77,7/75,8/122,30.45,3.15,57.80,2,3,0
/player/rahatul-ferdous-629064,List A,47,45,1859,1467,54,4/36,4/36,27.16,4.73,34.40,1,0,0
/player/rahatul-ferdous-629064,T20,11,8,150,152,10,4/34,4/34,15.20,6.08,15.00,1,0,0
/player/raihan-anas-301241,FC,9,15,864,349,6,2/16,2/16,58.16,2.42,144.00,0,0,0
/player/raihan-anas-301241,List A,6,1,6,6,0,-,-,-,6.00,-,0,0,0
/player/rajin-saleh-56074,Test,24,16,438,268,2,1/9,1/21,134.00,3.67,219.00,0,0,0
/player/rajin-saleh-56074,ODI,43,19,539,459,15,4/16,4/16,30.60,5.10,35.90,1,0,0
/player/rajin-saleh-56074,FC,148,,1563,942,9,2/44,,104.66,3.61,173.60,,0,0
/player/rajin-saleh-56074,List A,140,,1470,1251,38,4/16,4/16,32.92,5.10,38.60,1,0,0
/player/rajin-saleh-56074,T20,1,-,-,-,-,-,-,-,-,-,-,-,-
/player/rakibul-hasan-1012131,FC,6,6,516,362,8,3/76,3/98,45.25,4.20,64.50,0,0,0
/player/rakibul-hasan-1012131,List A,8,7,348,206,9,2/18,2/18,22.88,3.55,38.60,0,0,0
/player/rakibul-hasan-1012131,T20,18,16,354,374,19,2/8,2/8,19.68,6.33,18.60,0,0,0
/player/ranjan-das-56068,Test,1,2,132,72,1,1/64,1/72,72.00,3.27,132.00,0,0,0
/player/ranjan-das-56068,FC,19,,2834,1485,36,5/88,,41.25,3.14,78.70,,1,0
/player/ranjan-das-56068,List A,20,,938,650,18,3/14,3/14,36.11,4.15,52.10,0,0,0
/player/raqibul-hasan-56070,ODI,2,1,1,4,0,-,-,-,24.00,-,0,0,0
/player/raqibul-hasan-56070,FC,9,,66,59,0,-,-,-,5.36,-,0,0,0
/player/raqibul-hasan-56070,List A,2,,1,4,0,-,-,-,24.00,-,0,0,0
/player/raqibul-hasan-56093,Test,9,4,42,17,1,1/0,1/0,17.00,2.42,42.00,0,0,0
/player/raqibul-hasan-56093,ODI,55,-,-,-,-,-,-,-,-,-,-,-,-
/player/raqibul-hasan-56093,T20I,5,-,-,-,-,-,-,-,-,-,-,-,-
/player/raqibul-hasan-56093,FC,116,,425,300,6,1/0,2/26,50.00,4.23,70.80,0,0,0
/player/raqibul-hasan-56093,List A,190,,44,45,1,1/1,1/1,45.00,6.13,44.00,0,0,0
/player/raqibul-hasan-56093,T20,36,-,-,-,-,-,-,-,-,-,-,-,-
/player/rayan-rahman-1072489,T20,13,4,42,57,0,-,-,-,8.14,-,0,0,0
/player/rezaul-islam-228211,FC,3,4,240,172,1,1/43,1/43,172.00,4.30,240.00,0,0,0
/player/rezaul-islam-228211,List A,10,10,421,333,9,2/38,2/38,37.00,4.74,46.70,0,0,0
/player/rifat-pradhan-629069,List A,4,4,102,67,2,2/27,2/27,33.50,3.94,51.00,0,0,0
/player/rishad-hossain-1139523,FC,9,16,1122,644,10,5/50,5/50,64.40,3.44,112.20,0,1,0
/player/rishad-hossain-1139523,T20,14,13,148,222,6,2/14,2/14,37.00,9.00,24.60,0,0,0
/player/ritu-moni-478808,WODI,16,12,225,161,1,1/7,1/7,161.00,4.29,225.00,0,0,0
/player/ritu-moni-478808,WT20I,30,22,309,267,16,4/18,4/18,16.68,5.18,19.30,1,0,0
/player/robiul-haque-1123787,FC,10,17,1502,646,26,5/41,6/89,24.84,2.58,57.70,2,1,0
/player/robiul-haque-1123787,List A,28,28,1368,1067,51,5/33,5/33,20.92,4.67,26.80,0,3,0
/player/robiul-haque-1123787,T20,10,10,183,292,8,3/23,3/23,36.50,9.57,22.80,0,0,0
/player/robiul-hoque-990323,FC,4,6,492,293,8,3/54,3/91,36.62,3.57,61.50,0,0,0
/player/robiul-islam-227455,Test,9,17,1860,992,25,6/71,9/155,39.68,3.20,74.40,0,2,0
/player/robiul-islam-227455,ODI,3,3,133,117,2,1/21,1/21,58.50,5.27,66.50,0,0,0
/player/robiul-islam-227455,T20I,1,1,6,13,0,-,-,-,13.00,-,0,0,0
/player/robiul-islam-227455,FC,77,135,11685,6895,224,6/71,10/92,30.78,3.54,52.10,9,9,1
/player/robiul-islam-227455,List A,38,37,1632,1487,40,4/7,4/7,37.17,5.46,40.80,2,0,0
/player/robiul-islam-227455,T20,6,6,91,137,4,2/33,2/33,34.25,9.03,22.70,0,0,0
/player/roni-hossen-1126021,List A,2,2,66,73,2,2/66,2/66,36.50,6.63,33.00,0,0,0
/player/rony-talukdar-300617,T20I,1,-,-,-,-,-,-,-,-,-,-,-,-
/player/rony-talukdar-300617,FC,86,30,830,420,12,3/11,6/93,35.00,3.03,69.10,0,0,0
/player/rony-talukdar-300617,List A,111,13,252,153,5,3/26,3/26,30.60,3.64,50.40,0,0,0
/player/rony-talukdar-300617,T20,79,-,-,-,-,-,-,-,-,-,-,-,-
/player/rubaiyat-haque-56092,List A,3,132,116,8,4/50,4/50,14.50,5.27,16.50,1,0,0
/player/ruhel-ahmed-1136317,List A,3,3,114,128,3,2/56,2/56,42.66,6.73,38.00,0,0,0
/player/rumana-ahmed-343648,WODI,38,38,1689,1035,42,4/20,4/20,24.64,3.67,40.20,1,0,0
/player/rumana-ahmed-343648,WT20I,65,65,1268,1143,57,3/2,3/2,20.05,5.40,22.20,0,0,0
/player/sabbir-khan-56100,FC,57,13317,5957,213,7/81,,27.96,2.68,62.50,,13,1
/player/sabbir-khan-56100,List A,51,2477,1586,65,4/30,4/30,24.40,3.84,38.10,3,0,0
/player/sabbir-rahman-373538,Test,11,7,144,98,0,-,-,-,4.08,-,0,0,0
/player/sabbir-rahman-373538,ODI,66,21,306,345,3,1/12,1/12,115.00,6.76,102.00,0,0,0
/player/sabbir-rahman-373538,T20I,44,8,67,70,6,3/11,3/11,11.66,6.26,11.10,0,0,0
/player/sabbir-rahman-373538,FC,66,59,1261,751,16,3/17,3/19,46.93,3.57,78.80,0,0,0
/player/sabbir-rahman-373538,List A,158,77,1659,1575,53,6/43,6/43,29.71,5.69,31.30,3,1,0
/player/sabbir-rahman-373538,T20,175,36,391,471,19,3/11,3/11,24.78,7.22,20.50,0,0,0
/player/saeed-sarkar-629062,FC,5,3,54,40,1,1/25,1/38,40.00,4.44,54.00,0,0,0
/player/saeed-sarkar-629062,List A,14,10,234,197,2,1/17,1/17,98.50,5.05,117.00,0,0,0
/player/saghir-hossain-56158,FC,99,,114,112,4,1/9,,28.00,5.89,28.50,0,0,0
/player/saghir-hossain-56158,List A,79,,0,0,0,-,-,-,-,-,0,0,0
/player/saghir-hossain-56158,T20,16,-,-,-,-,-,-,-,-,-,-,-,-
/player/saidul-islam-1013539,List A,3,3,78,94,1,1/12,1/12,94.00,7.23,78.00,0,0,0
/player/saiful-islam-56094,ODI,7,7,303,256,6,4/36,4/36,42.66,5.06,50.50,1,0,0
/player/saiful-islam-56094,FC,11,,1670,700,35,7/62,,20.00,2.51,47.70,,1,0
/player/saiful-islam-56094,List A,38,,1683,1050,38,4/36,4/36,27.63,3.74,44.20,1,0,0
/player/sajal-chowdhury-56117,List A,7,306,230,8,2/27,2/27,28.75,4.50,38.20,0,0,0
/player/sajedul-islam-227454,Test,3,5,330,232,3,2/71,2/84,77.33,4.21,110.00,0,0,0
/player/sajedul-islam-227454,T20I,1,1,6,15,0,-,-,-,15.00,-,0,0,0
/player/sajedul-islam-227454,FC,99,172,13139,6834,241,6/51,8/75,28.35,3.12,54.50,11,5,0
/player/sajedul-islam-227454,List A,55,54,2207,1846,67,4/54,4/54,27.55,5.01,32.90,1,0,0
/player/sajedul-islam-227454,T20,7,7,109,150,6,3/23,3/23,25.00,8.25,18.10,0,0,0
/player/sajjad-ahmed-56096,ODI,2,-,-,-,-,-,-,-,-,-,-,-,-
/player/sajjad-ahmed-56096,FC,33,,243,190,6,3/42,,31.66,4.69,40.50,,0,0
/player/sajjad-ahmed-56096,List A,39,,87,78,5,1/9,1/9,15.60,5.37,17.40,0,0,0
/player/saleh-ahmed-shawon-799657,FC,8,13,1050,554,12,3/100,5/148,46.16,3.16,87.50,0,0,0
/player/saleh-ahmed-shawon-799657,List A,23,23,1076,822,30,4/15,4/15,27.40,4.58,35.80,3,0,0
/player/salim-shahed-56115,FC,4,360,175,3,2/58,,58.33,2.91,120.00,0,0,0
/player/salim-shahed-56115,List A,4,24,33,0,-,-,-,8.25,-,0,0,0
/player/salma-khatun-301603,WODI,34,33,1429,870,35,3/18,3/18,24.85,3.65,40.80,0,0,0
/player/salma-khatun-301603,WT20I,74,72,1425,1150,66,4/6,4/6,17.42,4.84,21.50,1,0,0
/player/salman-hossain-537613,FC,46,40,1918,1036,31,5/31,7/66,33.41,3.24,61.80,1,1,0
/player/salman-hossain-537613,List A,49,28,645,625,13,3/27,3/27,48.07,5.81,49.60,0,0,0
/player/salman-hossain-537613,T20,12,1,6,7,0,-,-,-,7.00,-,0,0,0
/player/samiur-rahman-56097,ODI,2,2,60,30,0,-,-,-,3.00,-,0,0,0
/player/samiur-rahman-56097,List A,2,,60,30,0,-,-,-,3.00,-,0,0,0
/player/sanjida-akter-meghla-1205142,WT20I,1,1,12,25,0,-,-,-,12.50,-,0,0,0
/player/sanjida-islam-535869,WODI,16,1,6,12,0,-,-,-,12.00,-,0,0,0
/player/sanjida-islam-535869,WT20I,54,-,-,-,-,-,-,-,-,-,-,-,-
/player/sanjit-saha-821755,FC,17,30,2905,1423,42,7/64,11/101,33.88,2.93,69.10,2,1,1
/player/sanjit-saha-821755,List A,40,40,1838,1219,51,4/20,4/20,23.90,3.97,36.00,4,0,0
/player/sanjit-saha-821755,T20,12,12,225,299,11,2/22,2/22,27.18,7.97,20.40,0,0,0
/player/sanwar-hossain-56107,Test,9,6,444,310,5,2/128,2/128,62.00,4.18,88.80,0,0,0
/player/sanwar-hossain-56107,ODI,27,13,383,327,10,3/49,3/49,32.70,5.12,38.30,0,0,0
/player/sanwar-hossain-56107,FC,42,,2073,1156,42,4/12,,27.52,3.34,49.30,,0,0
/player/sanwar-hossain-56107,List A,63,,639,567,17,3/49,3/49,33.35,5.32,37.50,0,0,0
/player/saqlain-sajib-280737,T20I,1,1,21,40,0,-,-,-,11.42,-,0,0,0
/player/saqlain-sajib-280737,FC,94,163,19138,9347,369,9/82,15/132,25.33,2.93,51.80,12,21,3
/player/saqlain-sajib-280737,List A,114,113,5266,3813,133,7/58,7/58,28.66,4.34,39.50,3,1,0
/player/saqlain-sajib-280737,T20,51,50,992,1185,47,4/28,4/28,25.21,7.16,21.10,1,0,0
/player/sarmin-sultana-924179,WODI,13,-,-,-,-,-,-,-,-,-,-,-,-
/player/shafaq-al-zabir-56110,FC,43,6318,3055,125,5/30,,24.44,2.90,50.50,3,3,0
/player/shafaq-al-zabir-56110,List A,49,2457,1528,81,5/24,5/24,18.86,3.73,30.30,1,2,0
/player/shafiq-ul-haq-43134,FC,11,12,0,-,-,-,-,0,0,0
/player/shafiuddin-ahmed-56101,ODI,11,11,495,426,11,3/42,3/42,38.72,5.16,45.00,0,0,0
/player/shafiuddin-ahmed-56101,FC,29,,5059,2209,78,8/86,,28.32,2.61,64.80,,3,0
/player/shafiuddin-ahmed-56101,List A,36,,1645,1164,56,6/39,6/39,20.78,4.24,29.30,3,1,0
/player/shafiul-alam-56112,FC,19,651,319,13,4/34,,24.53,2.94,50.00,1,0,0
/player/shafiul-alam-56112,List A,37,1150,769,27,3/23,3/23,28.48,4.01,42.50,0,0,0
/player/shafiul-hayet-858139,FC,1,-,-,-,-,-,-,-,-,-,-,-,-
/player/shafiul-hayet-858139,List A,15,2,42,47,0,-,-,-,6.71,-,0,0,0
/player/shafiul-hayet-858139,T20,2,-,-,-,-,-,-,-,-,-,-,-,-
/player/shafiul-islam-288305,Test,11,19,1734,942,17,3/86,4/67,55.41,3.25,102.00,0,0,0
/player/shafiul-islam-288305,ODI,60,60,2540,2529,70,4/21,4/21,36.12,5.97,36.20,4,0,0
/player/shafiul-islam-288305,T20I,20,20,400,532,20,3/36,3/36,26.60,7.98,20.00,0,0,0
/player/shafiul-islam-288305,FC,62,107,9254,4840,164,6/39,8/107,29.51,3.13,56.40,4,4,0
/player/shafiul-islam-288305,List A,130,130,5875,5531,174,5/32,5/32,31.78,5.64,33.70,6,1,0
/player/shafiul-islam-288305,T20,109,107,2116,2886,112,5/26,5/26,25.76,8.18,18.80,2,1,0
/player/shahadat-hossain-56149,Test,38,60,5380,3731,72,6/27,9/97,51.81,4.16,74.70,2,4,0
/player/shahadat-hossain-56149,ODI,51,50,2198,2143,47,3/34,3/34,45.59,5.84,46.70,0,0,0
/player/shahadat-hossain-56149,T20I,6,6,120,198,4,2/22,2/22,49.50,9.90,30.00,0,0,0
/player/shahadat-hossain-56149,FC,112,,14588,9439,258,6/27,,36.58,3.88,56.50,9,9,0
/player/shahadat-hossain-56149,List A,122,,5038,4741,127,5/40,5/40,37.33,5.64,39.60,2,1,0
/player/shahadat-hossain-56149,T20,34,32,600,818,27,3/20,3/20,30.29,8.18,22.20,0,0,0
/player/shahadat-hossain-989935,FC,4,-,-,-,-,-,-,-,-,-,-,-,-
/player/shahadat-hossain-989935,List A,1,-,-,-,-,-,-,-,-,-,-,-,-
/player/shahadat-hossain-989935,T20,5,1,5,7,0,-,-,-,8.40,-,0,0,0
/player/shahanaz-parvin-627049,WODI,2,-,-,-,-,-,-,-,-,-,-,-,-
/player/shahanaz-parvin-627049,WT20I,2,-,-,-,-,-,-,-,-,-,-,-,-
/player/shahanur-rahman-821753,FC,20,27,2370,1165,42,5/66,7/96,27.73,2.94,56.40,2,1,0
/player/shahanur-rahman-821753,List A,12,10,225,221,4,2/47,2/47,55.25,5.89,56.20,0,0,0
/player/shaheedur-rahman-56102,ODI,2,-,-,-,-,-,-,-,-,-,-,-,-
/player/shaheedur-rahman-56102,List A,2,,0,0,0,-,-,-,-,-,0,0,0
/player/shahnawaz-kabir-56109,FC,10,1210,559,19,4/83,,29.42,2.77,63.60,,0,0
/player/shahnawaz-kabir-56109,List A,16,664,506,17,4/48,4/48,29.76,4.57,39.00,1,0,0
/player/shahriar-hossain-56104,Test,3,-,-,-,-,-,-,-,-,-,-,-,-
/player/shahriar-hossain-56104,ODI,20,-,-,-,-,-,-,-,-,-,-,-,-
/player/shahriar-hossain-56104,FC,16,,0,0,0,-,-,-,-,-,0,0,0
/player/shahriar-hossain-56104,List A,39,,1,3,0,-,-,-,18.00,-,0,0,0
/player/shahriar-nafees-56153,Test,24,-,-,-,-,-,-,-,-,-,-,-,-
/player/shahriar-nafees-56153,ODI,75,-,-,-,-,-,-,-,-,-,-,-,-
/player/shahriar-nafees-56153,T20I,1,-,-,-,-,-,-,-,-,-,-,-,-
/player/shahriar-nafees-56153,FC,124,,96,76,0,-,-,-,4.75,-,0,0,0
/player/shahriar-nafees-56153,List A,180,,0,0,0,-,-,-,-,-,0,0,0
/player/shahriar-nafees-56153,T20,60,-,-,-,-,-,-,-,-,-,-,-,-
/player/shaila-sharmin-581029,WODI,9,4,90,79,1,1/11,1/11,79.00,5.26,90.00,0,0,0
/player/shaila-sharmin-581029,WT20I,16,5,78,63,3,2/9,2/9,21.00,4.84,26.00,0,0,0
/player/shaker-ahmed-403426,FC,17,28,2167,1154,45,7/78,9/96,25.64,3.19,48.10,0,3,0
/player/shaker-ahmed-403426,List A,6,6,256,175,6,2/29,2/29,29.16,4.10,42.60,0,0,0
/player/shakhawat-hossain-990221,FC,9,15,1458,763,16,3/105,5/180,47.68,3.13,91.10,0,0,0
/player/shakhawat-hossain-990221,List A,13,13,588,434,13,3/35,3/35,33.38,4.42,45.20,0,0,0
/player/shakhawat-hossain-990221,T20,1,1,18,25,1,1/25,1/25,25.00,8.33,18.00,0,0,0
/player/shakil-hossain-1131694,FC,2,-,-,-,-,-,-,-,-,-,-,-,-
/player/shakil-hossain-1131694,List A,4,-,-,-,-,-,-,-,-,-,-,-,-
/player/shakil-hossain-1131694,T20,3,-,-,-,-,-,-,-,-,-,-,-,-
/player/shamima-sultana-535870,WODI,5,-,-,-,-,-,-,-,-,-,-,-,-
/player/shamima-sultana-535870,WT20I,37,-,-,-,-,-,-,-,-,-,-,-,-
/player/shamsur-rahman-56154,Test,6,1,6,5,0,-,-,-,5.00,-,0,0,0
/player/shamsur-rahman-56154,ODI,10,1,6,13,0,-,-,-,13.00,-,0,0,0
/player/shamsur-rahman-56154,T20I,9,-,-,-,-,-,-,-,-,-,-,-,-
/player/shamsur-rahman-56154,FC,129,,1463,910,21,5/69,5/69,43.33,3.73,69.60,1,1,0
/player/shamsur-rahman-56154,List A,144,,1090,880,17,2/7,2/7,51.76,4.84,64.10,0,0,0
/player/shamsur-rahman-56154,T20,94,2,18,31,1,1/17,1/17,31.00,10.33,18.00,0,0,0
/player/sharfuddoula-56128,FC,10,2122,713,31,6/45,23.00,2.01,68.40,2,0
/player/shariful-haque-56098,ODI,1,1,18,21,0,-,-,-,7.00,-,0,0,0
/player/shariful-haque-56098,FC,3,,438,244,6,2/32,,40.66,3.34,73.00,,0,0
/player/shariful-haque-56098,List A,1,,18,21,0,-,-,-,7.00,-,0,0,0
/player/sharmin-akhter-535868,WODI,22,-,-,-,-,-,-,-,-,-,-,-,-
/player/sharmin-akhter-535868,WT20I,14,-,-,-,-,-,-,-,-,-,-,-,-
/player/shathira-jakir-301605,WODI,2,2,22,26,0,-,-,-,7.09,-,0,0,0
/player/shathira-jakir-301605,WT20I,1,-,-,-,-,-,-,-,-,-,-,-,-
/player/sheikh-salahuddin-56118,ODI,6,6,246,249,4,2/48,2/48,62.25,6.07,61.50,0,0,0
/player/sheikh-salahuddin-56118,FC,28,,532,234,5,1/0,,46.80,2.63,106.40,,0,0
/player/sheikh-salahuddin-56118,List A,35,,768,713,16,4/41,4/41,44.56,5.57,48.00,1,0,0
/player/shohag-reza-410767,FC,2,4,162,130,4,3/40,3/47,32.50,4.81,40.50,0,0,0
/player/shohag-reza-410767,List A,1,1,24,36,0,-,-,-,9.00,-,0,0,0
/player/shohely-akhter-535866,WODI,2,2,90,49,3,3/13,3/13,16.33,3.26,30.00,0,0,0
/player/shohely-akhter-535866,WT20I,5,4,78,94,0,-,-,-,7.23,-,0,0,0
/player/shukhtara-rahman-346298,WODI,11,9,282,174,5,2/12,2/12,34.79,3.70,56.40,0,0,0
/player/shukhtara-rahman-346298,WT20I,9,9,156,153,5,3/4,3/4,30.60,5.88,31.20,0,0,0
/player/shuvagata-hom-402992,Test,8,11,846,506,8,2/66,3/94,63.25,3.58,105.70,0,0,0
/player/shuvagata-hom-402992,ODI,4,1,12,9,0,-,-,-,4.50,-,0,0,0
/player/shuvagata-hom-402992,T20I,5,4,66,71,2,1/18,1/18,35.50,6.45,33.00,0,0,0
/player/shuvagata-hom-402992,FC,98,149,12627,6648,219,6/22,10/168,30.35,3.15,57.60,8,7,1
/player/shuvagata-hom-402992,List A,105,80,2850,2284,77,5/47,5/47,29.66,4.80,37.00,1,1,0
/player/shuvagata-hom-402992,T20,106,66,805,1041,41,3/8,3/8,25.39,7.75,19.60,0,0,0
/player/shykat-ali-314743,FC,65,76,3040,1621,56,5/31,6/64,28.94,3.19,54.20,1,2,0
/player/shykat-ali-314743,List A,102,31,844,754,24,3/17,3/17,31.41,5.36,35.10,0,0,0
/player/shykat-ali-314743,T20,43,7,114,151,3,2/24,2/24,50.33,7.94,38.00,0,0,0
/player/sohag-gazi-444135,Test,10,18,3151,1599,38,6/74,9/219,42.07,3.04,82.90,1,2,0
/player/sohag-gazi-444135,ODI,20,19,919,722,22,4/29,4/29,32.81,4.71,41.70,1,0,0
/player/sohag-gazi-444135,T20I,10,10,210,299,4,1/28,1/28,74.75,8.54,52.50,0,0,0
/player/sohag-gazi-444135,FC,94,158,23222,11658,338,7/79,11/139,34.49,3.01,68.70,13,22,1
/player/sohag-gazi-444135,List A,120,117,5981,4552,142,5/27,5/27,32.05,4.56,42.10,2,2,0
/player/sohag-gazi-444135,T20,95,92,1760,2144,63,3/17,3/17,34.03,7.30,27.90,0,0,0
/player/sohrawordi-shuvo-56138,Test,1,2,297,146,4,3/73,4/146,36.50,2.94,74.20,0,0,0
/player/sohrawordi-shuvo-56138,ODI,17,17,762,572,14,3/14,3/14,40.85,4.50,54.40,0,0,0
/player/sohrawordi-shuvo-56138,T20I,1,1,6,12,0,-,-,-,12.00,-,0,0,0
/player/sohrawordi-shuvo-56138,FC,101,,19477,9407,344,7/45,,27.34,2.89,56.60,14,22,2
/player/sohrawordi-shuvo-56138,List A,126,,5869,4242,161,5/6,5/6,26.34,4.33,36.40,6,1,0
/player/sohrawordi-shuvo-56138,T20,69,67,1179,1437,49,3/13,3/13,29.32,7.31,24.00,0,0,0
/player/subashis-roy-301847,Test,4,7,749,465,9,3/118,3/118,51.66,3.72,83.20,0,0,0
/player/subashis-roy-301847,ODI,1,1,60,45,1,1/45,1/45,45.00,4.50,60.00,0,0,0
/player/subashis-roy-301847,FC,67,112,10221,5217,172,5/18,7/49,30.33,3.06,59.40,8,3,0
/player/subashis-roy-301847,List A,71,71,3430,2656,84,4/30,4/30,31.61,4.64,40.80,3,0,0
/player/subashis-roy-301847,T20,31,30,608,866,28,4/27,4/27,30.92,8.54,21.70,1,0,0
/player/sultana-yesmin-486997,WODI,6,-,-,-,-,-,-,-,-,-,-,-,-
/player/sultana-yesmin-486997,WT20I,1,-,-,-,-,-,-,-,-,-,-,-,-
/player/sunzamul-islam-380974,Test,1,1,270,153,1,1/153,1/153,153.00,3.40,270.00,0,0,0
/player/sunzamul-islam-380974,ODI,3,3,150,79,5,2/22,2/22,15.80,3.16,30.00,0,0,0
/player/sunzamul-islam-380974,FC,85,147,17832,9380,326,9/80,12/144,28.77,3.15,54.60,12,22,5
/player/sunzamul-islam-380974,List A,112,110,5158,3814,140,5/30,5/30,27.24,4.43,36.80,6,1,0
/player/sunzamul-islam-380974,T20,73,67,1227,1483,51,2/4,2/4,29.07,7.25,24.00,0,0,0
/player/suraiya-azmin-1051217,WODI,3,3,44,57,2,1/18,1/18,28.50,7.77,22.00,0,0,0
/player/syed-rasel-56160,Test,6,8,879,573,12,4/129,4/129,47.75,3.91,73.20,1,0,0
/player/syed-rasel-56160,ODI,52,52,2657,2051,61,4/22,4/22,33.62,4.63,43.50,1,0,0
/player/syed-rasel-56160,T20I,8,8,174,202,4,1/10,1/10,50.50,6.96,43.50,0,0,0
/player/syed-rasel-56160,FC,66,,10217,5053,185,8/67,,27.31,2.96,55.20,9,6,2
/player/syed-rasel-56160,List A,118,,5753,4330,133,5/35,5/35,32.55,4.51,43.20,3,1,0
/player/syed-rasel-56160,T20,17,17,348,440,12,3/24,3/24,36.66,7.58,29.00,0,0,0
/player/tahjibul-islam-1266706,T20,2,-,-,-,-,-,-,-,-,-,-,-,-
/player/taibur-rahman-386100,FC,71,83,4427,2275,73,4/31,4/31,31.16,3.08,60.60,3,0,0
/player/taibur-rahman-386100,List A,98,58,1807,1396,36,3/26,3/26,38.77,4.63,50.10,0,0,0
/player/taibur-rahman-386100,T20,14,7,72,100,5,1/3,1/3,20.00,8.33,14.40,0,0,0
/player/talha-jubair-56180,Test,7,9,1090,771,14,3/135,3/126,55.07,4.24,77.80,0,0,0
/player/talha-jubair-56180,ODI,6,6,204,255,6,4/65,4/65,42.50,7.50,34.00,1,0,0
/player/talha-jubair-56180,FC,73,,10677,5964,222,8/35,,26.86,3.35,48.00,12,6,2
/player/talha-jubair-56180,List A,29,,1143,1101,30,5/38,5/38,36.70,5.77,38.10,1,1,0
/player/talha-jubair-56180,T20,3,3,36,78,0,-,-,-,13.00,-,0,0,0
/player/tanbir-hayder-421892,ODI,2,2,60,67,0,-,-,-,6.70,-,0,0,0
/player/tanbir-hayder-421892,FC,80,112,6572,4283,120,4/62,7/154,35.69,3.91,54.70,4,0,0
/player/tanbir-hayder-421892,List A,98,70,2006,1808,61,5/41,5/41,29.63,5.40,32.80,3,1,0
/player/tanbir-hayder-421892,T20,35,20,277,379,8,2/26,2/26,47.37,8.20,34.60,0,0,0
/player/tanzid-hasan-990023,FC,5,-,-,-,-,-,-,-,-,-,-,-,-
/player/tanzid-hasan-990023,List A,18,2,8,12,0,-,-,-,9.00,-,0,0,0
/player/tanzid-hasan-990023,T20,19,-,-,-,-,-,-,-,-,-,-,-,-
/player/tanzim-hasan-sakib-1139520,FC,1,2,138,87,2,2/63,2/87,43.50,3.78,69.00,0,0,0
/player/tanzim-hasan-sakib-1139520,List A,7,7,366,267,11,4/36,4/36,24.27,4.37,33.20,1,0,0
/player/tanzim-hasan-sakib-1139520,T20,14,14,283,368,17,3/9,3/9,21.64,7.80,16.60,0,0,0
/player/tapash-baisya-56176,Test,21,29,3370,2137,36,4/72,6/117,59.36,3.80,93.60,1,0,0
/player/tapash-baisya-56176,ODI,56,56,2608,2452,59,4/16,4/16,41.55,5.64,44.20,2,0,0
/player/tapash-baisya-56176,FC,85,,11971,6216,192,6/37,,32.37,3.11,62.30,,3,0
/player/tapash-baisya-56176,List A,121,,5315,4412,137,4/16,4/16,32.20,4.98,38.70,4,0,0
/player/tapash-baisya-56176,T20,8,8,144,223,7,2/17,2/17,31.85,9.29,20.50,0,0,0
/player/taposh-ghosh-269238,FC,39,58,3554,1956,54,5/51,6/90,36.22,3.30,65.80,1,2,0
/player/taposh-ghosh-269238,List A,29,25,665,656,13,3/15,3/15,50.46,5.91,51.10,0,0,0
/player/taposh-ghosh-269238,T20,12,10,144,201,4,1/25,1/25,50.25,8.37,36.00,0,0,0
/player/tareq-aziz-56188,Test,3,4,360,261,1,1/76,1/76,261.00,4.34,360.00,0,0,0
/player/tareq-aziz-56188,ODI,10,10,465,424,13,3/19,3/19,32.61,5.47,35.70,0,0,0
/player/tareq-aziz-56188,FC,69,,11031,6081,226,6/46,,26.90,3.30,48.80,15,9,1
/player/tareq-aziz-56188,List A,56,,2448,2096,72,4/32,4/32,29.11,5.13,34.00,2,0,0
/player/tareq-aziz-56188,T20,2,1,18,13,1,1/13,1/13,13.00,4.33,18.00,0,0,0
/player/tarikul-hasan-56178,FC,3,552,167,7,3/23,,23.85,1.81,78.80,,0,0
/player/tarikul-hasan-56178,List A,8,384,211,13,4/18,4/18,16.23,3.29,29.50,1,0,0
/player/tasamul-haque-400583,FC,78,49,1300,859,17,3/109,5/167,50.52,3.96,76.40,0,0,0
/player/tasamul-haque-400583,List A,62,8,132,116,5,2/23,2/23,23.20,5.27,26.40,0,0,0
/player/tasamul-haque-400583,T20,11,4,66,60,5,3/18,3/18,12.00,5.45,13.20,0,0,0
/player/tazia-akhter-487001,WODI,4,3,48,30,1,1/18,1/18,30.00,3.75,48.00,0,0,0
/player/tazia-akhter-487001,WT20I,4,-,-,-,-,-,-,-,-,-,-,-,-
/player/tipu-sultan-990255,FC,2,4,246,128,0,-,-,-,3.12,-,0,0,0
/player/tipu-sultan-990255,List A,22,22,990,659,11,2/23,2/23,59.90,3.99,90.00,0,0,0
/player/tipu-sultan-990255,T20,12,12,198,242,4,2/18,2/18,60.50,7.33,49.50,0,0,0
/player/tithy-sarkar-301608,WODI,1,1,12,10,0,-,-,-,5.00,-,0,0,0
/player/tithy-sarkar-301608,WT20I,2,1,12,13,0,-,-,-,6.50,-,0,0,0
/player/towhid-hridoy-990031,FC,5,6,126,83,5,3/19,4/62,16.60,3.95,25.20,0,0,0
/player/towhid-hridoy-990031,List A,28,3,42,45,1,1/18,1/18,45.00,6.42,42.00,0,0,0
/player/towhid-hridoy-990031,T20,25,1,6,3,0,-,-,-,3.00,-,0,0,0
/player/tushar-imran-56186,Test,5,1,60,48,0,-,-,-,4.80,-,0,0,0
/player/tushar-imran-56186,ODI,41,5,126,103,1,1/24,1/24,103.00,4.90,126.00,0,0,0
/player/tushar-imran-56186,FC,180,,2853,1525,30,3/22,,50.83,3.20,95.10,,0,0
/player/tushar-imran-56186,List A,173,,1436,1071,27,4/26,4/26,39.66,4.47,53.10,2,0,0
/player/tushar-imran-56186,T20,8,4,30,35,1,1/8,1/8,35.00,7.00,30.00,0,0,0
/player/wahidul-gani-56162,ODI,1,1,36,32,0,-,-,-,5.33,-,0,0,0
/player/wahidul-gani-56162,List A,1,,36,32,0,-,-,-,5.33,-,0,0,0
/player/waseluddin-ahmed-56164,FC,12,810,372,10,3/36,,37.20,2.75,81.00,0,0,0
/player/waseluddin-ahmed-56164,List A,14,474,311,9,2/21,2/21,34.55,3.93,52.60,0,0,0
/player/yasir-ali-629059,FC,55,10,165,127,2,1/15,1/15,63.50,4.61,82.50,0,0,0
/player/yasir-ali-629059,List A,77,5,77,94,1,1/31,1/31,94.00,7.32,77.00,0,0,0
/player/yasir-ali-629059,T20,54,-,-,-,-,-,-,-,-,-,-,-,-
/player/zabid-hossain-301864,FC,49,2,12,9,0,-,-,-,4.50,-,0,0,0
/player/zabid-hossain-301864,List A,32,-,-,-,-,-,-,-,-,-,-,-,-
/player/zahid-razzak-56165,ODI,3,-,-,-,-,-,-,-,-,-,-,-,-
/player/zahid-razzak-56165,List A,6,,27,21,0,-,-,-,4.66,-,0,0,0
/player/zakaria-masud-550134,FC,7,6,188,135,0,-,-,-,4.30,-,0,0,0
/player/zakaria-masud-550134,List A,30,25,822,780,19,3/10,3/10,41.05,5.69,43.20,0,0,0
/player/zakaria-masud-550134,T20,1,-,-,-,-,-,-,-,-,-,-,-,-
/player/zakir-hasan-56166,ODI,1,1,12,17,0,-,-,-,8.50,-,0,0,0
/player/zakir-hasan-56166,FC,2,,361,158,2,1/4,,79.00,2.62,180.50,,0,0
/player/zakir-hasan-56166,List A,15,,654,512,11,2/24,2/24,46.54,4.69,59.40,0,0,0
/player/zakir-hasan-697059,T20I,1,-,-,-,-,-,-,-,-,-,-,-,-
/player/zakir-hasan-697059,FC,50,4,19,14,0,-,-,-,4.42,-,0,0,0
/player/zakir-hasan-697059,List A,71,-,-,-,-,-,-,-,-,-,-,-,-
/player/zakir-hasan-697059,T20,58,-,-,-,-,-,-,-,-,-,-,-,-
/player/zakir-hossain-56173,ODI,1,1,24,18,0,-,-,-,4.50,-,0,0,0
/player/zakir-hossain-56173,FC,2,,135,39,2,1/7,,19.50,1.73,67.50,,0,0
/player/zakir-hossain-56173,List A,7,,305,234,4,2/50,2/50,58.50,4.60,76.20,0,0,0
/player/ziaur-rahman-56167,Test,1,2,180,71,4,4/63,4/71,17.75,2.36,45.00,1,0,0
/player/ziaur-rahman-56167,ODI,13,11,390,301,10,5/30,5/30,30.10,4.63,39.00,0,1,0
/player/ziaur-rahman-56167,T20I,14,7,75,127,3,1/16,1/16,42.33,10.16,25.00,0,0,0
/player/ziaur-rahman-56167,FC,124,,11178,5452,211,5/36,,25.83,2.92,52.90,10,6,0
/player/ziaur-rahman-56167,List A,149,,4014,3280,88,5/23,5/23,37.27,4.90,45.60,1,3,0
/player/ziaur-rahman-56167,T20,117,58,853,1208,46,3/18,3/18,26.26,8.49,18.50,0,0,0
